"PNAME","SR"
"曾老太鼻炎馆","486"
"见福便利店(台湾街店)","443"
"UNE新友谊补习学校","383"
"卓越成功补习学校","351"
"新东方(金榜中学校区)","335"
"弘龙商业城","311"
"莲花市场(莲花北路)","304"
"湖滨小学","288"
"军用品老王店","286"
"厦门奥斯达教育培训学校(槟榔校区)","279"
"文灶中心幼儿园(文灶分园)","278"
"百慧龙内衣店","276"
"市民学校","267"
"连心园","266"
"思明幼儿园","259"
"厦门市华侨托儿所","221"
"思北小学","218"
"白金汉英语培训学校(二市校区)","217"
"厦门第二实验小学","215"
"厦门鹭港妇产医院","210"
"明德教育","205"
"时尚宝宝","200"
"潮褂纯手工高级定制","199"
"厦门思明实验幼儿园","199"
"大生花店","196"
"演武公园","191"
"厦门市群惠小学","191"
"鸿图嘉裕幼儿园","189"
"文塔市场","180"
"福州京浪教育培训学校(厦门分校)","177"
"厦门第一广场","176"
"美仁新村幼儿园","175"
"夏商百货中山店-超市","175"
"海堤茶叶(滨北专卖店)","173"
"厦门市妇幼保健院","173"
"厦门广物连锁超市(莲花店)","173"
"中山公园","171"
"瑷林家书屋","169"
"海燕幼儿园(寿山路)","168"
"莆田学院北华大学厦门教学点","167"
"金子塔培训中心","167"
"厦门大学附属中山医院思明区梧村街道社区卫生服务中心","167"
"美仁园","165"
"百嘉里生活超市(西林店)","165"
"厦门大学(思明校区)-囊萤楼","161"
"国美电器(厦禾路店)","161"
"家乐福(中华城店)","160"
"厦门市第九中学(后埭溪路)","160"
"耐克(华联店)","157"
"赵小姐的店(中山路店)","156"
"厦门奥凯学校","156"
"嘉裕幼儿园","155"
"见福便利店(瑞景店)","155"
"厦门童心万向国际","154"
"智鹏连锁超市(东芳店)","153"
"海堤茶叶(水仙店)","152"
"厦门市第一幼儿园","152"
"万芳大地美语幼儿园","152"
"缔元社区公园","151"
"思明百惠","150"
"米修米修","150"
"厦门大学附属中山医院金榜分部","149"
"舒洁婴幼儿用品(镇海店)","148"
"厦门市第八幼儿园(分园)","148"
"艾迪儿双语艺术幼儿园","148"
"厦门工商旅游学校培训中心","147"
"厦门科炬职业培训学校","145"
"五粮液(旗舰店)","144"
"厦门市妇幼保健院-健康教育学校","143"
"爱娃孕婴用品连锁镇海店","143"
"百果园(厦门沧虹路店)","142"
"每时美季(中华城店)","142"
"天下为公塑石","140"
"厦门市思明区特殊教育学校","138"
"梧村骨科医院","137"
"馨雅美布艺","137"
"厦门市公园小学","133"
"厦门音悦家琴行","132"
"中华街道社区卫生中心升平路店","131"
"阳光幼儿园(汇文路)","130"
"厦门市民立幼儿园","127"
"南乔幼儿园","127"
"嘉裕英语幼儿园","127"
"厦门天济医院","127"
"六度书屋","126"
"厦禾幼儿园","126"
"特房艺术幼儿园","126"
"中山公园-花展西院","125"
"厦门天济医院-门诊大楼","125"
"厦门大学附属第一医院(思明分院)-三号楼","125"
"海疆学术书店","124"
"莲龙幼儿园(禾丰新景分园)","123"
"厦门市旧货市场","123"
"铁路文化公园(思明南路)","122"
"思明区梧村街道市民学校","121"
"思明区梧村街道老年学校","121"
"万寿古玩城","120"
"前埔花卉中心","119"
"厦门城市建设中等职业学校","119"
"和平码头当丰新天地","118"
"厦门大学(思明校区)-群贤楼","117"
"中闽百汇商场(凤屿路)","116"
"中华城","116"
"厦门大学附属第一医院(思明分院)-二号楼","116"
"厦门大学附属第一医院思明分院","116"
"莲花老表","114"
"文灶中心幼儿园(梧村分园)","113"
"华祥苑茗茶(莲前西路店)","113"
"嗨森城堡","112"
"厦门市演武小学","111"
"厦门大学附属厦门眼科中心医院","108"
"思明区职工业余中学","108"
"厦门新开元医院","108"
"辛SIN所","107"
"厦门大学停车场下沃仔","106"
"厦门大学附属中山医院-思明区开元街道社区卫生服务中心","106"
"厦门大学(思明校区)-群贤二号楼","105"
"溪东农贸市场(东浦路)","105"
"OPPO官方(厦门市客服中心)","105"
"鸿山大厦见福便利店","104"
"海峡两岸茶叶文化交流协会","104"
"爱贝幼儿园","104"
"槟榔健身公园","104"
"福建省厦门第六中学","103"
"晨光旧书店","103"
"厦门大学附属中山医院演武分院-门诊楼","103"
"厦门宏泽技能培训学校","103"
"水供坊","102"
"中华旗袍(思明南路)","101"
"厦门大学医院","101"
"夏商民兴超市(碧山店)","101"
"金榜山记","100"
"文灶加油站-便利店","100"
"鸿山水果店","100"
"厦门市直属中小学校校服专卖店","100"
"汇佳幼儿园(溪岸街)","99"
"托福网考考试中心","99"
"厦门市集美区科炬职业培训学校","97"
"小雏菊幼儿园","97"
"优能中学教育(湖滨中路)","97"
"厦门市莲花幼儿园","96"
"国兰花尚插花花艺培训学校","95"
"成义楼(大学路)","95"
"厦门大学(思明校区)-曾呈奎楼","94"
"新东方(厦门学校思北优能校区)","94"
"蒙世学堂幼儿园","94"
"悦士便利商店(鸿山店)","94"
"厦门市嘉华幼儿园","93"
"溪岸路花鸟市场","93"
"中山公园-动物园","93"
"万石书院","92"
"厦门大学海洋楼","92"
"福建省厦门双十中学(镇海校区)","92"
"楚天阳光幼儿园","92"
"厦门市梧村小学","92"
"信园","92"
"宜贝辰琴行","92"
"泡香茶叶","91"
"见福便利店(东浦一路)","91"
"Montessori Academy蒙世学堂(祥滨路园)","91"
"乐购超市(七星店)","90"
"厦门盛世天骄补习学校","90"
"信和中央公园","90"
"华润万家(厦门七星店)","90"
"厦门市第六市场","90"
"演武小学(西区)","89"
"厦门大学(思明校区)-基金楼","89"
"鑫佳惠烟酒行","89"
"厦门市园南小学","89"
"王记金门菜刀","88"
"金榜公园-迎仙楼","88"
"海湾公园","88"
"厦门实验小学","88"
"厦门大学(思明校区)-集美二号楼","88"
"厦门警备区医院","88"
"家果园","88"
"龙舒生鲜","88"
"夏商民兴超市(文屏店)","87"
"梧村地下商业街","87"
"金广通","87"
"德盛便利店","86"
"东坪农贸市场(金枫园西南)","85"
"江苏大学在职研究生厦门教学点","85"
"厦门大学(思明校区)-艺术学院","85"
"厦门市嘉滨小学","84"
"鸿山公园","84"
"尤丰五金店","83"
"悦海果园","83"
"黄胜记(1号店)","83"
"见福便利店(南中广场店)","82"
"厦门市思明第二实验小学","82"
"益煌","82"
"厦门市口腔医院","82"
"厦门市莲花幼儿园(东坪分园)","82"
"厦门百灵艺术学校","81"
"思明区甜甜幼儿园","81"
"定安小学","81"
"厦门市民立小学","81"
"厦门沐上化妆美甲学校","81"
"米奇双语艺术幼儿园","80"
"厦门园林植物园工程部","80"
"七匹狼(定安路)","80"
"见福便利店(会展路明发海景店)","80"
"厦门市思明区向科小学","80"
"和心幼儿园","80"
"厦门市中医院禾祥东门诊部","79"
"华祥苑茗茶(会展店)","79"
"港发国际酒庄","79"
"快乐宝贝幼儿园(文兴东路)","78"
"大地琴岛双语幼儿园","78"
"厦门海湾学院","78"
"屈臣氏(厦门七星乐购店)","77"
"迪卡侬(厦门七星店)","77"
"威廉张宠物美容培训学校","75"
"H&M(禹州·世贸商城店)","75"
"南中广场","75"
"夏商百货(中山路步行街)","75"
"爱心幼儿园(谊爱路)","75"
"双语幼儿园","75"
"三福(禹州世贸店)","74"
"宇宙学园家庭私塾之静读园","74"
"金榜公园","74"
"厦门大学(思明校区)-庄汉水楼","74"
"思明区万寿幼儿园","73"
"厦门市滨北小学","73"
"厦门市东浦幼儿园","73"
"厦门市第二幼儿园","73"
"嘉年华商城","73"
"莲花公园","73"
"嘉华天下购物广场","72"
"日春茶业(软件园店)","72"
"厦门市思明区蓝湾一禾幼儿园","71"
"巴黎春天百货(中山店)","71"
"康乐市场","71"
"江头公园-西园","70"
"厦门市槟榔小学","70"
"童星幼儿园","70"
"德信百货(南山路)","69"
"国贸凤凰园","69"
"中英枫禾学校","69"
"厦门市秀德幼儿园(金国里分园)","69"
"文安小学","68"
"厦门糖尿病医院","68"
"厦门市大同小学","68"
"厦门大学(思明校区)-颂恩楼","68"
"厦门大学-嘉庚楼","68"
"联灵小卖部","67"
"善达培训","67"
"夏商民兴(长青便利店)","67"
"福佑堂婴幼儿体质调理","67"
"极致水景","66"
"厦门诚享东方股份有限公司","65"
"厦门市江头第三小学","65"
"槟东幼儿园","65"
"前埔汇育幼儿园","65"
"金中华江头商城","65"
"莲花中学","65"
"厦门市思明区育华幼儿园","65"
"厦门市实验幼儿园","65"
"倍顺(滨北店)","65"
"丹音琴行","65"
"厦门市第十幼儿园","64"
"立人国际(小学部)","64"
"大苹果英语培训学校","64"
"立人国际幼稚园","64"
"沃尔玛(厦门世贸店)","64"
"禹州世贸商城","64"
"厦门市直属中小学","64"
"八马茶叶(会展店)","64"
"菡菁商场","63"
"福建省金指南文创幼儿园","63"
"怡香茗茶","63"
"鸿源鑫五金.水电.百货","63"
"国美电器(龙门店)","62"
"二手电器","62"
"厦门特产","62"
"槟榔菜市场","62"
"厦门大学(思明校区)-经济学院","62"
"厦门市湖里中学(南山路)","61"
"潇然补课中心","61"
"澳凯多多元超市","61"
"日春茶业(筼筜路店)","61"
"浦南社区街心健身公园","60"
"白鹭洲公园东公园","60"
"厦门大学(思明校区)-钟铭选楼","60"
"汉乐坊国际声乐学校","60"
"厦门大学(思明校区)-经济楼","60"
"屈臣氏(中山路店)","60"
"金榜设计教育","60"
"贝加幼儿园","59"
"思明聚德口腔专科门诊部","59"
"永辉超市(康乐店)","59"
"香港公馆时代广场","59"
"鼓语艺术培训","59"
"罗宾森购物广场","59"
"雄宇花卉","59"
"苏宁易购(莲花店)","58"
"懒猫部落进口商店","58"
"思明区校服服务部","58"
"福家佳生鲜超市","58"
"江头公园","58"
"见福便利店(华昌店)","58"
"阿玛施","58"
"美的(东浦路店)","58"
"新华都购物广场(莲花店)","57"
"白鹭洲公园","57"
"屈臣氏(家乐福店)","57"
"厦门市槟榔中学","57"
"宝岛眼镜(厦门大润发店)","57"
"摩尔莲花购物广场(莲花店)","57"
"思明区少年业余体育学校","56"
"SLYS艺术学校","56"
"七星幼儿园","56"
"厦门市瑞景幼儿园","56"
"启明星幼儿园","56"
"蓝洞酒业(旗舰店)","56"
"益福隆便利店","56"
"精图数码","55"
"灌南小学","55"
"万乐福生鲜超市(海天店)","55"
"江头服装市场","55"
"大润发(厦门店)","54"
"厦门大学顶沃仔1-8号","54"
"嘉英教育","54"
"湖里中心小学-厦门群星幼儿园","54"
"杏南幼儿园(月美分园)","54"
"这里离海100米","54"
"福耀玻璃","54"
"鹭隐山房","54"
"厦门市海沧医院-二期","53"
"苏宁易购(财富港湾店)","53"
"友丰文创商业城","53"
"言语言音琴行","52"
"赋来尔幼儿园","52"
"圣美超市","52"
"日月星幼儿园","52"
"屈臣氏(厦门大润发店)","52"
"厦门市湖里中心小学","52"
"陈氏骨科","52"
"江头蔬菜批发市场","51"
"南湖公园","51"
"伊昂芭蕾舞蹈工作室","51"
"海沧安阳医院","51"
"鹭江幼儿园","51"
"厦门大学附属科技中学","51"
"雄华五金水电","51"
"厦门湖里仁德医院","51"
"童心园文具店","51"
"每天惠智慧生活超市(永盛达店)","50"
"霞阳幼儿园(霞阳路)","50"
"特步(体育路店)","50"
"厦门市松柏第二小学","50"
"艾宁520便利店","50"
"CASIO","50"
"盛辉厨具卖场","50"
"威兹德姆国际亲幼园","49"
"加油站-便利店","49"
"吉治百货","49"
"厦门中医院南区","49"
"思明区浦南幼儿园","49"
"平价水果店","49"
"厦门大学科学艺术中心","49"
"厦门市大同中学","49"
"美的电器直营厦门明畅","49"
"见福24小时便利店(前埔南区店)","49"
"厦门艺术学校","49"
"厦门青稞幼儿园","49"
"夏商湖光小商品批发市场","49"
"厦门市滨东小学","49"
"厦门大学数学科学学院-信息与计算数学系","48"
"森马(禹州·世贸商城店)","48"
"中国人民解放军第一七四医院","48"
"社区市民学校教学点","48"
"耐克(文化艺术中心店)","48"
"贝乐幼儿园","48"
"社区家长学校","48"
"鹭岛天地","48"
"亲亲宝贝幼儿园","48"
"厦门大学数学科学学院-数学与应用数学系","48"
"厦门天使口腔医院","48"
"雅迪电动车(龙山店)","48"
"思明区禹洲幼儿园","48"
"振业兴家具商店","48"
"厦门市海沧医院","47"
"森马(中山路步行街店)","47"
"厦门市体育运动学校","47"
"孝文家茶(七星店)","47"
"厦门中医院南区-门诊大楼","46"
"见福便利店(沧林路店)","46"
"艺军五金店","46"
"厦门大学附属中山医院湖里区湖里街道社区卫生服务中心(东渡)","46"
"康乐小学","46"
"修志夫整形美容医院","46"
"夏商民兴超市(龙盛里店)","46"
"厦门大学海韵园-林觉世楼","46"
"太川家具(莲前西路)","46"
"曙光小学","46"
"厦门市思明区少年业余体育学校","46"
"月美幼儿园","46"
"柒牌大楼","45"
"亲子园","45"
"义乌小商品直销超市(莲前店)","45"
"欣欣幼儿园","45"
"宝岛眼镜(中闽梧村店)","45"
"厦门市思明区艺术幼儿园","45"
"博雅幼儿园","45"
"吾心幼托","45"
"拾壹关洛时尚女装","45"
"静妍古筝","44"
"广物佳品(瑞景店)","44"
"东沃水产阳澄湖大闸蟹(湖光路总店)","44"
"厦门大学海韵科研楼-1号楼","44"
"厦门市思明区松柏社区老年学校","44"
"厦门市儿童医院(宜宾路)","44"
"厦门市松柏幼儿园","44"
"厦门市莲龙幼儿园(龙华路)","44"
"瑞景社区大学","44"
"松柏公园","44"
"诚爱公园","44"
"特百惠(瑞景新村专卖店)","44"
"华昌幼儿园","44"
"见福便利店(墩仔家园店)","44"
"体育游泳用品","44"
"小资本瑞景超市","44"
"厦门市海沧医院-DR室","44"
"熊大果蔬生鲜超市","44"
"厦门大学海韵园科研楼-2栋","44"
"咪咪卡幼儿园","43"
"易达出行","43"
"立邦","43"
"厦门市海城幼儿园","43"
"厦门市康毅幼儿园","43"
"时尚花艺","43"
"白鹭洲公园中公园","43"
"国宝幼儿园","43"
"厦门大学海韵园-办公楼","43"
"伯特利床上用品生活用品厨房用品","43"
"厦门市海沧医院-消毒供应中心","43"
"华视眼镜(石亭路店)","43"
"厦门大学-信息科学与技术学院","43"
"天虹商场(厦门汇腾店)","43"
"见福便利店(厦宾店)","43"
"厦门大学海韵园-萨本栋楼","43"
"厦门大学海韵园-科研楼","43"
"湖明艺术幼儿园","42"
"厦门大学海韵园-科研楼(2)","42"
"巧英美容彩妆培训","42"
"厦门市思明小学","42"
"厦门大学(海韵园)","42"
"蓝天幼儿园","42"
"厦门市人民小学分校","42"
"源昌蓝星双语幼儿园","42"
"艺佳花店","42"
"海韵实验楼","42"
"厦门大学海韵园办公楼-C座","42"
"厦门市思明第二实验小学-慧雅楼","42"
"中闽百汇商场(吕厝店)","42"
"裸子植物区(松杉园)","41"
"紫坂","41"
"购忆赞闽台商场","41"
"厦门市中医院肛肠病医院","41"
"白雪文具店","41"
"名创优品(体育路店)","41"
"裸子植物区","41"
"鹭艺教育培训","41"
"厦门市思明区厦禾粮油批发部","41"
"广达香钓具","40"
"厦门大学海韵园-教学楼","40"
"台湾·厦门·特产平价超市","40"
"飞鱼会钓具","40"
"厦门松柏中学(高中部)","40"
"厦门第一中学-景行楼","40"
"新华书店(嘉禾路店)","40"
"厦门大学航空航天学院飞行器系","40"
"思明小学分部","40"
"槟榔幼儿园","40"
"瑞景农贸市场","39"
"庄氏眼镜(东渡商检站店)","39"
"南墅文化","39"
"家佳建材东蔡瓷砖","39"
"都都美容学校","39"
"芬迪家居体验馆","39"
"西里菜市场","39"
"丽榜国际发型美容学校","39"
"世全蔬菜店","39"
"厦门大学海韵园-物理机电航空大楼","39"
"芋果便利店","39"
"厦门市实验幼儿园(鹭江新城分园)","39"
"万家福自选(东渡路店)","39"
"厦门技师学院招生培训工作站","39"
"三五锄幼儿园","38"
"龙山学校","38"
"厦门百事兴业电脑打印机维修","38"
"花元素花艺店","38"
"昱星","38"
"丽莎半永久纹绣培训学校","38"
"厦门市第一医院-闽南PET中心","38"
"易捷便利店(湖滨北路店)","38"
"厦门炯州电器","38"
"名露酒庄","38"
"海峡茶都","38"
"厦门市第一医院-直线加速器室","38"
"鑫鹭林批发","38"
"厦门大学(思明校区)-东区综合楼","37"
"夏商民兴超市(湖滨四里店)","37"
"康晖幼儿园","37"
"博丽彩文具","37"
"两岸生活馆","37"
"厦门大学附属第一医院-门诊B区","37"
"金苹果幼儿园","37"
"你若安好","37"
"名臣酒栈","37"
"厦门东芝学校","37"
"厦门广物连锁超市(豪庭店)","37"
"名创优品(明发商业广场店)","37"
"厦门大学附属第一医院-核医学楼","37"
"老虎城欢乐购物中心","37"
"中厦国际练凝色教学楼","36"
"夏商民兴(石亭便利店)","36"
"阳光文具办公用品","36"
"嘉惠福超市","36"
"仓里鹭鑫水果批发","36"
"大洲净菜市场","36"
"中国·厦门园林博览苑-小卖部","36"
"正品堂茗茶","36"
"厦门市湖里区康桥裕发双语幼儿园","36"
"厦门广物连锁超市(西林店)","36"
"安溪感德铁观音批发","36"
"夏商(松柏)农产品市场","36"
"广源生鲜超市(东渡店)","36"
"海沧花店","36"
"厦门解放军第174医院-生殖医学中心","36"
"安宝医院-生殖医学中心","36"
"厦门市星河艺术培训学校","36"
"晴娜芭蕾艺术中心","35"
"鼓浪屿艺术幼儿园","35"
"从聿书店","35"
"厦门特产(莲花店)","35"
"嘉汇福盛鑫超市","35"
"湖滨四里农贸市场","35"
"老杨午托邦","35"
"爱娃孕妇婴儿用品店(海富路店)","35"
"元和元酒业","35"
"厦门市泌尿系统疾病诊治中心","35"
"厦门大学附属第一医院-门诊A区","35"
"天康教育培训学校","35"
"妙山五金水电材料","34"
"挺秀茶庄","34"
"指韵琴行(厦门·康乐店)","34"
"开心便利店","34"
"厦门精卫培训学校","34"
"大智幼儿园","34"
"天虹微喔(海天路店)","34"
"厦门安宝医院","34"
"百果园(厦门碧山临海店)","34"
"鹭祥便利店","34"
"浦南食品批发交易市场","34"
"三源美术(滨东分校)","34"
"童成艺术幼儿园","34"
"见福便利店(振华大厦店)","34"
"玉荷园","34"
"练凝色极地美术学校","34"
"仰后农贸市场","34"
"厦门市脑科中心","34"
"万润福超市","34"
"便利店","34"
"金彩幼儿园","34"
"云光培训","34"
"夏商生鲜超市(东渡店)","34"
"吕岭幼儿园(金安里分园)","34"
"古石雕大观园","33"
"厦门市大同中学-同靖楼","33"
"厦门第一中学","33"
"厦门市湖里区乐乐双语幼儿园","33"
"郎朗智能钢琴学校","33"
"哆尔斯琴行","33"
"思明妇幼","33"
"泰拉酒业","33"
"快乐学习思北小班授课校区","33"
"厦门市思明区龙山幼儿园","33"
"背包熊幼儿园","33"
"夏商(石亭)农产品市场","33"
"小雨点幼儿园","33"
"夏商灯饰批发城","33"
"安莲食杂","33"
"花骡子花店","32"
"小米之家(厦门店)","32"
"厦门市第九幼儿园","32"
"观音山音乐学校","32"
"南方公园","32"
"源盛茗烟酒","32"
"特贸菜市场","32"
"岭兜社区老年学校","32"
"哈福艺术双语幼儿园","32"
"盛文五金材料店","32"
"厦门荟享生活家居","32"
"邻活便利","32"
"八马茶业(瑞景公园店)","32"
"康乐幼儿园","32"
"夏商民兴超市(金尚店)","32"
"厦门大学附属第一医院","32"
"厦门市第四幼儿园","31"
"金尚公园","31"
"焱坤五金","31"
"广物连锁超市(槟榔店)","31"
"厦门市冠军体育用品商店","31"
"夏商百货(槟榔店)","31"
"鲨鱼公园儿童大学","31"
"海沧实验中学","31"
"厦门东芳学校","31"
"厦门广物连锁超市(万寿店)","31"
"厦门海洋职业技术学院-综合楼","31"
"厦门市翔安区曾厝小学","31"
"厦门大学数学科学学院-概率与数理统计系","31"
"西林农贸市场","30"
"塘边居委会幼儿园","30"
"厦门大学附属第一医院-三号病房楼","30"
"江头幼儿园(江宁里)","30"
"金中华东渡超市","30"
"厦门市石亭幼儿园","30"
"厦门市古玩艺术市场","30"
"前埔农贸市场","30"
"厦门市湖里街道社区卫生服务中心","30"
"金色童话孕婴尊享馆","30"
"滨北小学(石亭路)","30"
"玉新家具厂","30"
"竹类植物区","30"
"厦门市禾祥幼儿园","30"
"四向农庄","30"
"白鹭园","30"
"敬香茶","30"
"金尚菜市","30"
"金中华","30"
"小宝文具店","30"
"厦门市金鸡亭幼儿园","30"
"永盛电脑","30"
"苏宁易购(同安城南直营店)","29"
"百安居(厦门明发店)","29"
"爱心培训学校(莲花总部)","29"
"百花厅","29"
"台湾水果销售集散中心","29"
"厦门大学附属中山医院思明区嘉莲街道社区卫生服务中心","29"
"都市港湾幼儿园","29"
"厦门海沧实验幼儿园","29"
"普罗琴行(莲花南路)","29"
"棕榈植物区","29"
"仟客生活馆","29"
"夏商百货(华商店)","29"
"宝岛眼镜(莲花店)","29"
"地理信息分院","29"
"伟胜超市","29"
"闽南铝合金玻璃店","29"
"古仓酒业","29"
"至坤五金店","29"
"厦门广物连锁超市(龙山店)","29"
"树人幼儿园","29"
"新景建材城","29"
"厦门大学(思明校区)-法学院","29"
"海川建材","29"
"阳光窗帘","29"
"厦门市云顶学校","29"
"心灵树幼儿园","29"
"海沧区校服服务部","29"
"白天鹅美容彩妆美甲学校","28"
"新星幼儿园","28"
"见福便利店(康乐店)","28"
"华永天地商业广场","28"
"浦田服装","28"
"万千世界社区商城","28"
"厦门市演武第二小学","28"
"宝岛眼镜(禹洲世贸商城店)","28"
"禹洲·世贸商城-A区","28"
"金鸣小学","28"
"华为授权体验店(新店镇新兴路店)","28"
"豪景阁","28"
"大色彩美术学校","28"
"特百惠(红树康桥店)","28"
"岭兜小菜市场","28"
"宏达五金水电(No.闽厦0032店)","28"
"梦百合","28"
"后坑幼儿园","28"
"小新星国际教育(海沧分校)","28"
"钧达五金批发部","28"
"民兴超市(龙盛里店)","27"
"见福便利店(兴隆路店)","27"
"禹州嘉裕幼儿园","27"
"民都购物广场(锦园店)","27"
"厦门园林植物园-引种驯化区","27"
"人人乐-入口","27"
"振兴幼儿园","27"
"杰士便利店","27"
"路易威登官方专卖店(厦门马哥孛罗东方大酒店专卖店)","27"
"龙吟乐器","27"
"见福便利店(都市港湾店)","27"
"夏歌琴行","27"
"东浦学校-星颖双语幼儿园","27"
"庄氏家居","27"
"奥林匹克运动雕塑公园","27"
"贝贝妇幼用品店","27"
"湖里公园-划船廊","27"
"新意","27"
"大帽山小学","27"
"瑞景小学","27"
"厦门技师学院职业技术培训中心","26"
"酷锐奢品汇","26"
"杉柏建材","26"
"ANGUS服装店","26"
"薛岭山公园","26"
"新华书店(华永天地店)","26"
"厦门第二实验小学分校","26"
"乔丹体育股份有限公司","26"
"贝贝乐双语幼儿园","26"
"银海鑫超市(宁宝店)","26"
"华医馆(御景店)","26"
"厦门第二实验小学分校-立品楼","26"
"珠江钢琴专卖店(琴音琴行)","26"
"丝巢燕窝莊(瑞景店)","26"
"丙州菜市场","26"
"凯旋农贸市场","26"
"名创优品(厦禾路店)","26"
"金山花园-商业街","26"
"鹭鹭艺术幼儿园","26"
"音月河琴行","26"
"福建化工学校","26"
"新滨幼儿园","26"
"地球是圆的眼镜店(华美旗舰店)","26"
"大魏家的果园","26"
"见福便利店(NO.0331)","26"
"厦门市鹭江新城小学","25"
"厦门市湖里区金色花文化艺术培训学校","25"
"思明区莲前街道市民学校","25"
"MTC机车生活馆","25"
"芸台书舍","25"
"吕岭幼儿园","25"
"建友五金","25"
"双双布艺","25"
"康乐新村幼儿园(禹州分园)","25"
"温馨幼儿园(纺织路)","25"
"鹭春茶业(华泰路)","25"
"厦门市仙岳医院北区-精神卫生中心","25"
"王亚妹副食品店","25"
"集美大学-海域使用论证中心","25"
"厦门市江头中心小学","25"
"前埔幼儿园","25"
"醇醉酒庄","25"
"厦门市鹭岛花朵文化艺术培训学校","25"
"鹭江社区公园","25"
"永红双语幼儿园","25"
"友鲜社区生鲜店(南山店)","25"
"福佳隆","24"
"宝岛眼镜(前埔店)","24"
"岳阳农贸市场","24"
"厦门鸿顺源天然气汽配店医院","24"
"蔡塘学校","24"
"华顿教育培训学校","24"
"祖慈肩颈(祥店店)","24"
"厦门大学附属第一医院-制剂楼","24"
"厦门市仙岳医院(北区)","24"
"月春华便利店","24"
"新东方教育学校","24"
"无印良品(厦门禹洲世贸商城店)","24"
"闽汇生活超市","24"
"后浦步行街","24"
"金鼎农贸市场","24"
"万花筒(东渡店)","24"
"乐海百货海富仓储超市","24"
"闽篮生鲜超市(天籁店)","24"
"阳光宝贝幼儿园","24"
"小天使幼儿园","24"
"行家视觉摄影艺术学校","24"
"协和双语学校","24"
"月美新日幼儿园","24"
"金活力家具","24"
"乾嘉烟酒批发零售","24"
"江头建材市场","24"
"康桥双语幼儿园国际山庄园","24"
"海澜之家(福建厦门海沧海富路店)","24"
"厦门市第一医院-四号病房楼","23"
"永华五金","23"
"筼筜湖带状公园","23"
"后溪中学","23"
"明发商业广场","23"
"碧乐便利店","23"
"鹭购生鲜超市","23"
"集美大学水产学院-综合楼","23"
"光照人有机茶","23"
"特步大学","23"
"美宜佳(东方商贸店)","23"
"厦门小金星国际幼儿园(海沧总园)","23"
"何厝村口便利店","23"
"陈家小铺","23"
"厦门市莲龙小学(东)","23"
"圣珍食杂店","23"
"馨乐园幼儿园","23"
"麒麟名荟","23"
"金尚中学","23"
"华为授权体验店(海富路店)","23"
"豪悦水暖","23"
"贻林幼儿园","23"
"南山小学","23"
"跑狼wolf自行车","23"
"星鹭幼儿园","23"
"叮当便利店(观音山店)","23"
"士钧幼儿园","23"
"劳力士特约零售商(厦门免税店)","23"
"厦门科荣办公家具","23"
"老渔友钓具专柜店","23"
"育兴(公园)办公文具商场","22"
"布布缘灯饰窗帘墙纸","22"
"村里农贸市场","22"
"利民水果店","22"
"集美军民小学","22"
"见福便利店(幸福店)","22"
"雷司酒业","22"
"前埔南区小学(旧校区)","22"
"集美区田头小学","22"
"江山领袖国际教育学院","22"
"博士山庄街头公园","22"
"厦门康桥中学","22"
"大唐·城南菜市场","22"
"金龙旺超市","22"
"中国金币钱币收藏品","22"
"何氏便利店","22"
"宜贝亲子园","22"
"厦门第二实验小学分校-启智楼","22"
"楷模家具生活馆(厦门馆)","22"
"见福便利店(119岭兜店)","22"
"富源达超市","22"
"悦士(软件3店Y)","22"
"松霖卫浴园","22"
"鑫景新便利店","22"
"祥店市场","22"
"湖里公园","22"
"御花源花店","22"
"小城故事双语幼儿园","22"
"星光幼儿园(洪溪)","22"
"厦门市思明区东浦小学","22"
"外图厦门书城","22"
"闽华幼儿园","22"
"书香阳光阅读花园","22"
"阿忠水果店","22"
"十分便利店","22"
"惠安一中厦门校友会","22"
"THE QUEEN","22"
"绿叶(同安店)","21"
"厦门楠侨双语幼儿园","21"
"小燕子幼儿园","21"
"中国石化森美便利店","21"
"厦门大学附属成功医院-门诊大楼","21"
"杏南幼儿园","21"
"云洋小学","21"
"厦门市海沧延奎小学","21"
"见福便利店(观音山店)","21"
"O空间(欧洲古董艺术品)","21"
"温馨幼儿园","21"
"宏达淋水器店","21"
"绿森之家硅藻泥","21"
"故宫小学","21"
"TUMI包包店","21"
"小太阳少儿之家","21"
"厦门市科技幼儿园(怡祥分园)","21"
"金石登五金制品","21"
"兴星双语幼儿园","21"
"梁兴食杂店","21"
"厦门市康乐第二小学","21"
"福万家超市","21"
"香江商场","21"
"宏嘉顺电脑","21"
"春阳幼儿园","21"
"童城双语幼儿园","21"
"来瑞号","21"
"厦门市仙岳医院北区-综合楼","21"
"利诚便利店","21"
"嘉裕英语幼儿园(洪莲北二路)","21"
"修表修手机","21"
"福建省厦门第六中学(和宁路)","21"
"厦门大学附属第一医院鹭江分部","21"
"福庆隆超市","21"
"PP文具店","21"
"祥发五金水电二部","21"
"蔡塘新花卉市场","21"
"嘉诚吉利旗舰店","21"
"前埔医院","21"
"舒涵便利店超市","21"
"上善幼儿园","21"
"厦门市第一幼儿园(前埔分园)","20"
"会展步行街","20"
"厦物商行","20"
"大唐灵灵双语幼儿园","20"
"德施曼指纹锁","20"
"光亮颈肩腰腿痛医院","20"
"厦门儿童公园一期","20"
"莉丝成人用品(同安汽车站店)","20"
"光华小学","20"
"麦德龙(厦门湖里商场店)","20"
"闽南古镇-翔鹭国际家居馆","20"
"苏泊尔","20"
"记的文具店","20"
"中医骨伤科","20"
"厦门市蒲公英幼儿园","20"
"高克科水果店","20"
"新华都购物广场(同安店)","20"
"美宜佳(国贸金沙湾店)","20"
"后埔民办小学","20"
"厦门市吕岭小学","20"
"霞梧幼儿园","20"
"凤凰木梦空间","20"
"爱幼思国际幼儿园","20"
"金鹭首饰(莲花珠宝金店)","20"
"海堤茶叶(金湖店)","20"
"厦门立起鞋业有限公司","20"
"光福便利店","20"
"魅兰莎彩妆","20"
"鹭达眼镜","20"
"中国电信天翼智慧家庭体验卖场","20"
"澳克庄莲花馆","20"
"前埔小学","20"
"厦门市东浦行知实验学校","20"
"厦门豪美门窗定制","20"
"御上茗","20"
"康桥·红橡树双语幼儿园","20"
"同安区布塘农资经营部","20"
"全家便利店(塔埔店)","20"
"第一栈生活便利店","20"
"厦门市同安区溪林小学","20"
"厦门市金华达职业培训学校(火炬北路)","20"
"富万邦商业中心","19"
"徐厝幼儿园","19"
"厦门市海员培训中心","19"
"见福便利店(技师学院店)","19"
"珍珠湾","19"
"铸匠","19"
"厦门市祥店幼儿园","19"
"美乐乐家居(厦门思明旗舰店)","19"
"厦门市同安区云埔小学","19"
"能恩幼儿园","19"
"银川堂(湖里免税店)","19"
"海尔电器(文达店)","19"
"海沧区市民公园-亲子游园区","19"
"八市","19"
"后埔幼儿园","19"
"七海扬帆(会展南路)","19"
"醉品茶集厦门总部直营体验店","19"
"万增家俬城","19"
"厦门国贸免税商场","19"
"厦门白金汉英语培训学校(SM校区)","19"
"黄厝小学","19"
"欣欣生活超市","19"
"厦门光亮骨科医院-办公楼","19"
"爱森堡幼儿园","19"
"亿源花批","19"
"厦门第二实验小学分校-育德楼","19"
"厦门市仙岳幼儿园","19"
"滨海布艺连锁店","19"
"宏发便利店(筼筜路)","19"
"嘉成福五金","19"
"厦门仙岳小学","19"
"祥丰建材城","19"
"每时美季精品超市(信达店)","19"
"蔡塘幼儿园","19"
"鑫雄发便利店","18"
"惠琴水果店","18"
"康乐宜贝早教中心","18"
"川音琴行(莲花五村店)","18"
"厦门市湖里区安琪幼儿园","18"
"厦门第六中学合作校","18"
"真给利便利店","18"
"鑫河峰钢材","18"
"鹭购生鲜超市(徐厝店)","18"
"渔鹭领鲜厂家批发","18"
"鑫隆达五金店","18"
"慈善基金会义诊院","18"
"厦门市同安区褒美小学","18"
"厦门绿叶大生活体验馆","18"
"原鹭江电影院旧址文化公园","18"
"天天超市","18"
"悦佳购物中心","18"
"联发华美空间","18"
"佳佳幼儿园(竹坑路)","18"
"知艺琴行","18"
"珍珠湾2号便利店(珍珠湾店)","18"
"厦门市金贝贝幼儿园","18"
"永辉超级物种","18"
"隆发自选隆发茶叶","18"
"厦门达西南渔具","18"
"拾捌间","18"
"串串学院","18"
"欧米茄官方专卖店(欧米茄厦门免税旗舰店)","18"
"湖里区M免税商场","18"
"曾厝垵超级物种","18"
"金顺五金机电材料商行","18"
"厦门市思明区世纪蓝海教育培训学校(莲坂校区)","18"
"老剧场文化公园","18"
"芳梅幼儿园","17"
"厦门荣盛源玻璃","17"
"华悦学校","17"
"鲜又好超市","17"
"新华都购物广场(圣地亚哥店)","17"
"新东方(嘉禾校区)","17"
"恒鑫荣家具店","17"
"晨光文具","17"
"九龙学苑","17"
"随缘百货","17"
"琪乐幼儿园","17"
"鸿兴化工(东浦路)","17"
"瓷砖批发市场","17"
"union dance街舞俱乐部","17"
"国光学校","17"
"金尚小学","17"
"斗阵来","17"
"英之盛购物广场(NO.2)","17"
"溯源阁","17"
"RUOS便利店","17"
"厦门兴才学院","17"
"强强五金店","17"
"翔新海鲜批发","17"
"曾营社区-文明学校","17"
"华慧五金","17"
"蔡塘公园","17"
"百果园(中央美地店)","17"
"熙圆春艺苑","17"
"厦门外国语学校附属小学","17"
"思达特幼儿园","17"
"厦门市口腔医院(蔡塘总院)","17"
"佳视怡视光配镜中心","17"
"Apple授权经销商专区(沃尔玛SM广场店)","17"
"厦门市汀溪中学","17"
"沃尔玛(厦门SM店)","17"
"时光贝贝之家","17"
"厦门大学(思明校区)-海滨新区","17"
"扶摇幼儿园","17"
"厦门康奈尔双语幼儿园","17"
"翔安区上宅小学","17"
"福建省厦门第六中学-厦门六中高远楼","17"
"好惠佳生鲜超市(徐厝店)","17"
"文屏菜市场","17"
"优衣库(SM城市广场店)","16"
"百家富超市","16"
"博恩幼儿园","16"
"集美大学财经学院-文澜楼","16"
"大榕树幼儿园","16"
"厦门市开禾小学","16"
"华圆食杂店","16"
"厦门市湖里区侯卿小学","16"
"牧巢家居宅配中心","16"
"厦门市第十中学","16"
"钟宅小学","16"
"快乐作文培训学校","16"
"厦门天音琴行","16"
"汇正通电脑城","16"
"sm百货(SM店)","16"
"金虹鑫便利店","16"
"宝岛眼镜(厦门金鸡亭店)","16"
"学生装专卖店","16"
"艾都幼儿园","16"
"古元春参茸","16"
"东镀文化古玩城","16"
"捷安特","16"
"新乐幼儿园(长乐路)","16"
"中埔水果批发市场","16"
"国酒茅台(富贵家园专卖店)","16"
"茅台(厦门恒熙商贸有限公司)","16"
"达伊幼儿园","16"
"宁宝小学","16"
"厦门晨之阳建材有限公司","16"
"厦门国际友好公园","16"
"小状元午托班","16"
"莲坂商业广场","16"
"匹克运营中心","16"
"盈发茶叶(东渡店)","16"
"祥发百货(杏林店)","16"
"咆哮数码体验中心","16"
"华祥苑茶业国际贸易中心","16"
"莲花小学","16"
"厦门市湖里第二实验小学","16"
"湖里实验小学","16"
"星星幼儿园(飞腾公寓南)","16"
"禾山中学","16"
"厦门市湖明幼儿园","16"
"白泉集贸市场","16"
"国瓷馆","16"
"港口便利店(文青路)","16"
"卿俊茶行","16"
"昆仑好客","16"
"百果园(联发新天地店)","16"
"六一精灵","16"
"国民水果(沧虹路)","16"
"明发商城","16"
"集美区宁宝幼儿园","15"
"溪声小学","15"
"见福便利店(金域华府店)","15"
"万黛兰化妆培训学校","15"
"聚诚烟酒商行","15"
"马垅社区市民学校","15"
"东界小学","15"
"小米授权体验店(厦门中博SM旗舰店)","15"
"木禾居家具(海沧店)","15"
"经辉超市","15"
"新店市场","15"
"真优宝贝育婴机构","15"
"海韵茶庄","15"
"鹭达眼镜全国连锁(莲花三村店)","15"
"乐友便利店","15"
"岩骨皮行","15"
"天天水果(三航店)","15"
"金海湾幼儿园","15"
"培芝幼儿园","15"
"厦门外国语学校(石亭路)","15"
"贝佳整体家居","15"
"sm新生活广场二期","15"
"中国工艺","15"
"国民水果","15"
"小百灵幼儿园","15"
"新阳医院-综合门诊楼","15"
"白草天莯(思明店)","15"
"见福便利店(同安汽车站店)","15"
"厦门集美杏西医院","15"
"厦门市金鸡亭中学","15"
"厦门市同安区大乡小学-附设幼儿园","15"
"人和乐商场","15"
"厦门市曾厝垵幼儿园","15"
"黎明电脑科技","15"
"齐丽榨油店","15"
"星灿电器","15"
"易发粮油酒水批发","15"
"煌亿鑫超市","15"
"金山菜市场","15"
"后田钓具店","15"
"东浦公园","15"
"顺德五金店","15"
"人人乐实惠自选城","15"
"绿家园","15"
"见福24小时便利店","15"
"厦门湖里区世纪银河职业培训学校","15"
"马垅幼儿园","15"
"厦门市城市职业学院-行政办公楼","15"
"佛祖山社区公园","15"
"满优文具店(中心小学店)","15"
"广购优选生鲜超市(祥店二店)","15"
"南港渔铺","15"
"晟达便利","15"
"国美电器(集美祥发广场店)","15"
"醉翁阁酒业","15"
"双都茶叶专业合作社","15"
"夏商民兴超市(湖边店)","15"
"贝家便利店","15"
"小灵童幼儿园","15"
"尊岚","15"
"金祥韵茶业","15"
"芳涛五金","15"
"第八海鲜市场","15"
"唯优办公用品公司莲坂店","15"
"万禹国际广场","15"
"爱娃孕婴用品","14"
"集美大学-文津楼","14"
"漳州百花村花卉批零","14"
"亿佳连锁超市","14"
"平欣食品店","14"
"五缘湾天虹购物中心","14"
"永乐电器(莲花店)","14"
"宝岛眼镜(厦门凤湖店)","14"
"厦门外国语学校-图书馆","14"
"洛可可艺术琴行(枋湖店)","14"
"嘉裕英语幼儿园(鸿宾路)","14"
"吉锦牌无公害凤梨穗桂圆干","14"
"八斗书屋","14"
"厦门宣一阁","14"
"夏天货架华锴耗材","14"
"新鸿发模具五金部","14"
"保尔达家具(珩厝总部)","14"
"华铃幼儿园","14"
"瑞福达五金经营部","14"
"厦门百姓妇产医院","14"
"厦门市筼筜幼儿园","14"
"厦门市儒雅国学幼儿园","14"
"SM新生活广场-红宝石","14"
"华丽城便利店(振华大厦店)","14"
"厦门中医院-培训楼","14"
"厦门市湖里区元一幼儿园","14"
"风信子厦门跨境商品直验中心","14"
"福成船木家居","14"
"新华书店(杏东路店)","14"
"SM城市广场","14"
"磐基名品中心","14"
"学识教育实验学校","14"
"后坑中心幼儿园","14"
"聚馨隆商场(殿前店)","14"
"花千汇","14"
"莱雅百货","14"
"无印良品(厦门SM新生活广场店)","14"
"厦门星星河琴行","14"
"金典模具机械配件经营部","14"
"慧宇智能科技","14"
"因为初颜(西堤店)","14"
"集美大学美术学院","14"
"厦门岷厦国际学校","14"
"泰禾天街","14"
"江鸿百货","14"
"永辉生活(金山西里店)","14"
"百果园(万达广场店)","14"
"百祥商业广场","14"
"厦门外国语学校(高中部)","14"
"夏商国际商城","14"
"乐必达便利店","14"
"Hello鼓浪屿","14"
"门诊大楼","14"
"碧程幼儿园","14"
"宝林家具厂","14"
"佛缘(香纸店)","13"
"宏盛五交","13"
"赵厝第一家超市","13"
"厦门工学院-附属学校","13"
"屈臣氏(厦门时代广场店)","13"
"新日幼儿园","13"
"军村忠信挂面生面店","13"
"厦门市思明区精诚教育培训学校","13"
"欣双桥幼儿园","13"
"创E汽车真皮座椅","13"
"闽篮生鲜超市(云樽店)","13"
"四特东方韵","13"
"普缘佛意无尘舍禅文化生活馆","13"
"爱婴宝","13"
"厦门市湖里区妇幼保健院","13"
"华润万家(厦门五缘湾店)","13"
"福兴玻璃","13"
"海沧区市民公园","13"
"H&M(湖里万达广场店)","13"
"一品购超市(海沧店)","13"
"厦纺幼儿园","13"
"美景批发","13"
"阔泰活动房批发","13"
"木易轩手绘佛艺社","13"
"朝鑫五金店","13"
"迎客隆连锁超市","13"
"福万家自选","13"
"塘边市场(兴隆路)","13"
"嘉龙石材","13"
"迈天电脑","13"
"鹭缘便利店","13"
"国民水果(杏林店)","13"
"匠心","13"
"金凤凰艺术培训","13"
"欣家园小卖部","13"
"优衣库(厦门湖里万达广场店)","13"
"厦门实验中学","13"
"德信电脑电器","13"
"文强书店(双桥店)","13"
"元初食品特房山水杰座店","13"
"美宜佳(尚忠店)","13"
"环岛路观光自行车调度中心","13"
"海湾幼儿园","13"
"吉家家世界a馆","13"
"吉家家世界","13"
"见福便利店(莲前店)","13"
"厦门市思明区莲前小学","13"
"乐购超市(五缘湾店)","13"
"长欣隆超市","13"
"滨北幼儿园","13"
"季华铝材","13"
"美星幼儿园","13"
"文屏大地幼儿园","13"
"SM新生活广场","13"
"瑞士恩仕","13"
"联友小学","13"
"中埔幼儿园","13"
"金门王记菜刀(曾厝垵店)","13"
"乐安幼儿园","13"
"大地柜台","13"
"厦门南风艺术学校","13"
"厦门港龙职业培训学校","13"
"炉山粮油店","13"
"颜文章超市","13"
"厦港街道社区-公共卫生服务中心","12"
"友品味茶业","12"
"悦富超市","12"
"苏宁易购(翔安巷南店)","12"
"厦门海洋职业技术学院","12"
"涵泓食杂","12"
"中国酒鬼酒(海沧东邦总代理)","12"
"大坪中心学校","12"
"厦门一中厚德楼","12"
"厦门市湖里区少年儿童业务体育学校","12"
"永鸿隆超市","12"
"幼美蒙特梭利学校","12"
"宝岛眼镜(厦门祥店)","12"
"嵩屿幼儿园","12"
"超强学校","12"
"集美大学-财经学院","12"
"华联商厦","12"
"美宜佳(文屏路店)","12"
"厦门大学附属中山医院(厦禾分部)","12"
"永贵食杂","12"
"贝视眼镜(文屏店)","12"
"苏洛","12"
"七彩幼儿园(凤林中路)","12"
"CBA标准篮球场","12"
"厦门市成冠幼儿园","12"
"小星星幼儿园(薛岭南路)","12"
"乐乐天地幼儿园","12"
"集美大学财经学院-文渊楼","12"
"四进名茶","12"
"富醇酒行","12"
"宁家购物","12"
"好惠佳超市(后坑店)","12"
"穆厝建材批发中心","12"
"筝乡天一艺术教育学校","12"
"集美大学医疗中心","12"
"同安太平洋钓具","12"
"厦门市湖里区教师进修学校(云顶北路)","12"
"罗溪小学","12"
"集美大学图书馆-财经专业阅览点","12"
"宝格利家居","12"
"平价水果汇","12"
"庄氏眼镜(湖里万达店)","12"
"鑫万意手机店","12"
"幸佐家具厂家直销","12"
"刺林公园","12"
"棋韵便利店","12"
"美乐家园超市","12"
"厦门市城市职业学院-开放教育学院","12"
"顾家家居(吉家家具城店)","12"
"悦鑫星电脑城(钟宅分店)","12"
"厦门市城市职业学院-B栋","12"
"台湾精品免税商城(自贸区会员店)","12"
"厦门珠宝城","12"
"勇泉食杂经营部","12"
"海尔电器(海尔祥平路店)","12"
"每天惠智慧生活超市","12"
"明发香山湾营销中心","12"
"好视力眼镜","12"
"四宜建材城","12"
"金硕果","12"
"未来之星幼儿园","12"
"瑞吉欧幼儿园","12"
"岭上购物商场","12"
"明视眼镜(万达店)","12"
"宝视宝眼镜店","12"
"福鑫超市(塘边店)","12"
"小吉小力儿童辅食","12"
"四方良记食杂店","12"
"李晓观日用品商店","12"
"明星超市(曾厝垵北二路)","12"
"厦门第六幼儿园","12"
"民杰烟酒专卖店","12"
"万达百货(厦门湖里店)","12"
"晋翔骏油漆商行","12"
"厦门市太微幼儿园","12"
"好惠佳超市(文屏店)","12"
"宝锐建材","12"
"隧佳马便利店","12"
"集美幼儿园(岑东分园)","12"
"鹭槟大厦小卖部","12"
"百惠佳生鲜超市(广场湖畔店)","11"
"厦门湖里华兴医院","11"
"厦门广播电视大学教育技术中心","11"
"振群小学","11"
"厦门市城市职业学院-教学楼6","11"
"迪卡侬(厦门五缘湾店)","11"
"中化石油黄厝加油站-便利店","11"
"厦门庆辉达五金店","11"
"厦门市中医院","11"
"长青幼儿园","11"
"厦门市湖明小学","11"
"品上品布艺","11"
"台铃电动车","11"
"厦门鑫鹭味食品","11"
"厦门大学附属第一医院杏林医院","11"
"和韵茶具","11"
"厦门市天安小学","11"
"厦门市湖里区觉民五金加工","11"
"思明区嘉莲街道市民学校","11"
"洋塘食品商店","11"
"湖里金街","11"
"华中师范大学附属小学","11"
"厦门松柏中学(初中部)","11"
"厦门城市职业学院-技术中心大楼","11"
"五缘湾乐都汇购物中心","11"
"来鑫五金工具经营部","11"
"美隆茗茶","11"
"佳园隆超市","11"
"厦门市春雨双语幼儿园","11"
"前埔中学(初中部)","11"
"有间文具店","11"
"米拉熊","11"
"ZARA(湖里万达广场店)","11"
"厦门市前埔北社区学校社区致公学校","11"
"五菱二手车自选超市","11"
"厦门科宏眼科医院","11"
"厦门市翔安区许厝小学","11"
"虎头山公园","11"
"郁发五金店","11"
"濠头农贸市场","11"
"ROCKPARK摇滚公园","11"
"夏商进口商品直营中心(官任路店)","11"
"曼迪尔琴行","11"
"中宜钢材","11"
"七彩幼儿园","11"
"集美大学-文涛楼","11"
"钟宅民族小学","11"
"万家盛超市","11"
"华祥苑茗茶(海沧天籁店)","11"
"广延农机","11"
"民族艺术幼儿园","11"
"谊佳家超市","11"
"湖边花园幼儿园","11"
"五心幼儿园","11"
"金晨光幼儿园","11"
"安仔家电商行","11"
"卡乐工坊","11"
"小白鹭幼儿园","11"
"芸美小学","11"
"童星幼儿园(天安路)","11"
"集美大学财经学院-文学楼","11"
"厦门大学附属第一医院杏林分院-病房大楼","11"
"琼头小学","11"
"福星水暖灯饰","11"
"松柏小学","11"
"润旺五金配件店","11"
"厦门闽兴旧货回收","11"
"沃尔玛(金山路店)","11"
"厦门理工学院附属中学","11"
"厦门女民企希望小学","11"
"龙山小学","11"
"惠民购生鲜超市","11"
"贤文创业中心","11"
"前进均均五金店","11"
"集美侨校","11"
"天盛源酒业","11"
"宝逸莱眼镜加工店","11"
"宾玛","11"
"厦门菲尔德国际学校","11"
"宏兴汽保","11"
"尚古轩","11"
"后坑实业文明学校","11"
"厦门市湖里区教师进修学校附属小学-育雅楼","11"
"同安蔬菜批发","11"
"厦门大学附属第一医院杏林分院-一号楼","11"
"鹭达茶叶","11"
"厦门市城市职业学院-教学楼7","11"
"厦门外国语学校高中部(后门)","11"
"教师进修学校-附属小学","11"
"梦丽莎家纺(海天店)","11"
"玖玖便利店","11"
"润夏福生活超市","10"
"华侨大学华文学院","10"
"厦门大学附属第一医院杏林分院-二号楼","10"
"厦门安泰盛电脑","10"
"新华都往菜市场","10"
"宇航幼儿园","10"
"音为梦琴行","10"
"聚职门商务正装","10"
"厦门市同安区职业技术教育中心","10"
"晓城日杂五金水电经营部","10"
"厦门大学(思明校区)-化学化工学院","10"
"进口商品直销中心","10"
"和顺五金店","10"
"厦门大学(思明校区)-卢嘉锡楼","10"
"晨光文具(湖里实验小学店)","10"
"中铁百合","10"
"厦门市集美区杏东康桥红橡树幼儿园","10"
"焊割设备服务中心","10"
"厦门市城市职业学院-教学楼5","10"
"精英幼儿园","10"
"罗普斯金","10"
"美克美家(厦门店)","10"
"莲花水产(滨北店)","10"
"厦门鑫广宏贸易有限公司","10"
"馨园之家","10"
"理想购物","10"
"长海家具商场","10"
"大上新厨具批发中心","10"
"天虹商场(厦门大西洋店)","10"
"华祥苑茗茶(湖里区政府店)","10"
"厦门市城市职业学院-教学楼2","10"
"阿珍水果(岳口店)","10"
"协辉建材","10"
"厦门市翔安区壹束缘佛具店","10"
"厦门市城市职业学院-5栋","10"
"同意新生鲜购物商场","10"
"穗丰自选超市","10"
"益民超市","10"
"见福(武夷嘉园店)","10"
"厦门市城市职业学院-教学楼1","10"
"豪悦钓具","10"
"化西天高级佛具","10"
"惠普(天湖路店)","10"
"嘉豪美办公家具","10"
"海沧新阳医院","10"
"中山医院-急诊部","10"
"宝岛眼镜(五缘湾店)","10"
"泸新五金机电批发","10"
"厦门远东专修学院","10"
"鹭协发五金店","10"
"铁叶茶庄","10"
"台湾印象","10"
"鑫罗兰家私城","10"
"厦门市海沧区妇幼保健院","10"
"万达广场(厦门湖里店)","10"
"厨具卫浴","10"
"新鑫购物","10"
"珍爱鲜花店","10"
"东鹏瓷砖(吉家店)","10"
"琪多便利店","10"
"集美区凤林幼儿园","10"
"金玉超市","10"
"厦门伟业电脑店","10"
"好年东门市部","10"
"顺辉瓷砖","10"
"海巢·厦门特产","10"
"汇兴五交","10"
"厦门市五显中学","10"
"鹭达眼镜(前埔店)","10"
"自强幼儿园","10"
"兴雪莱服饰","10"
"思明区何厝幼儿园","10"
"厦门市城市职业学院-7栋","10"
"厦门市城市职业学院-3栋","10"
"黄厝花圃","10"
"东园社区菜市场","10"
"厦门市城市职业学院-C栋","10"
"厦门市城市职业学院","10"
"三木服饰","10"
"新绿岛超市","10"
"华顺鑫文具","10"
"中华茶博馆","10"
"世达工具","10"
"齐恒电脑科技(海沧分店)","10"
"集美区侨英街道社区卫生服务中心","10"
"虎鹏便利店","10"
"百花漆","10"
"宣居整屋家具定制","10"
"奇平五金灯具店","10"
"厦门理工学院-基本建设处","10"
"合家顺发家具城","10"
"老茶水","10"
"厦门市湖里区教师进修学校附属小学-育爱楼","10"
"清怡香花店","10"
"琪宝宝托幼园","10"
"星贝幼儿园","10"
"松柏医院-住院大楼","10"
"见福便利店(万达店)","10"
"匡威(万达广场店)","10"
"大润发(集美店)","10"
"Cozzi蔻汐","10"
"立马电动车(杏林旗舰店)","10"
"同安龙西小学","10"
"深青公园","10"
"康乐新村幼儿园(塘边分园)","10"
"家佳富超市","10"
"厦门市福利中心松柏医院-门诊部","10"
"厦门市心脏中心","10"
"达标五金水暖","10"
"涂装设备","10"
"贝斯教育金山幼儿园","10"
"商红生鲜超市","10"
"金湖商业街","10"
"汉伟英语幼儿园","10"
"世纪蓝海中小学补习首选","9"
"金山小学","9"
"自行车快速道服务中心","9"
"白铁加工","9"
"东方盛茶书院","9"
"利达丰购物商场","9"
"乐美居便利店","9"
"明发五金","9"
"翔宇五金","9"
"亮晶晶灯饰","9"
"彩贝幼儿园","9"
"姗姗幼儿园","9"
"祥福市场","9"
"华视眼镜(乐都会店)","9"
"伯特利茶业","9"
"艺华铁艺批发","9"
"大同中心幼儿园","9"
"林酒郎烟酒","9"
"庄氏眼镜(沧虹路店)","9"
"厦门市集美小学","9"
"mini shop便利商店","9"
"鑫鑫特惠百货超市","9"
"新旧电器","9"
"榕树下小卖部","9"
"集正(海投店)","9"
"聚龙轩水族","9"
"屈臣氏(集美宁海一里店)","9"
"启丰超市","9"
"厦门安防科技职业学院","9"
"兴宜便利店","9"
"华妹超市","9"
"南方二手家具买卖","9"
"翔安区商品农贸市场","9"
"特步","9"
"福建邮电学校(厂门校区)","9"
"厦门市前埔南区小学(文兴东路)","9"
"1号便利店","9"
"诺斯蒂文化体育公园","9"
"兴隆昌超市","9"
"厦门市同安区大乡小学","9"
"和通水果店","9"
"木黄豆浆粉","9"
"九紅堂全屋定制","9"
"新民菜市场","9"
"厦门中山医院-6号楼","9"
"福鑫购物广场(西柯店)","9"
"昌兴文化书城","9"
"泉峰五金","9"
"鑫万泰超市","9"
"瑞之路眼镜(杏林宁宝店)","9"
"源沁茗茶","9"
"中民石材","9"
"厦门大学附属第一医院杏林分院-三号楼","9"
"中山医院-外科综合病房楼","9"
"永辉超市(闽南古镇店)","9"
"海鲜冻品配送","9"
"鼓浪屿特产(黄厝仓储店)","9"
"安吉贝儿","9"
"山田漆立邦漆","9"
"文翔水暖","9"
"翔安商业广场","9"
"厦门市同安区下墩小学","9"
"美国沃尔特沃瑞典当行","9"
"鑫宏臣办公用品","9"
"厦门市湖里区世纪学校","9"
"钟宅幼儿园","9"
"富德顺铜门","9"
"未来中心幼儿园","9"
"厦门市海沧第一科技幼儿园","9"
"特运高殿加油站-便利店","9"
"伟业牌铝合金","9"
"和兴源五金机电经营部","9"
"路山小学","9"
"余素娟食杂店","9"
"爱娃","9"
"湖里区穆厝幼儿园","9"
"阜宸网络科技","9"
"华隆超市","9"
"鑫佳欣超市","9"
"美大集成灶","9"
"昆仑好客(民安大道店)","9"
"金中意(双桥店)","9"
"跃进门副食品店","9"
"优吉国际超市(滨北店)","9"
"国美厦门万达店","9"
"伊甸艺术幼儿园","9"
"厦门中山医院-淑端楼","9"
"中国移动通信手机专卖店(江洪指定专营店)","9"
"下溪头幼儿园","9"
"厦门市翔安职业技术学校","9"
"厦门市社区科普大学(殿前街道分校)","9"
"中视眼镜(同安一店)","9"
"中国移动通信手机专卖店(泉厦专营店)","9"
"方黎五交商店","9"
"世纪嘉园-开心幼儿园","9"
"厦门市湖里区教师进修学校附属小学-育学楼","9"
"山秀名茶","9"
"状源宝贝坊(铁山店)","9"
"捷安特专卖店(海沧店)","9"
"GLADYSONLY","9"
"身临其境VR主题公园","9"
"苏三梦超市","9"
"厦门大学(思明校区)-化学楼","9"
"马垅榕树公园","9"
"华美生活","9"
"新世纪幼儿园","9"
"翔安区后村小学","9"
"厦门宇琳艺校(海发分校)","9"
"鹭新隆凤头超市","9"
"圣佳不锈钢管材板材总汇","9"
"亿佳超市","9"
"大千百货","9"
"哈仕眼镜","9"
"大榕树菜市场","9"
"松柏第二幼儿园","9"
"面朝大海","9"
"倍顺(软件园二店)","9"
"名扬中小学补习集美霞梧校区","9"
"成美烟酒商行","9"
"同安时鲜蔬菜批发零售中心(沧林三路分店)","9"
"厦门大学附属中山医院","9"
"厦门市翔安区玖庆建材店","9"
"赵厝小学","9"
"每天惠惠丰连锁超市(后坑惠丰店)","9"
"问鼎教育(厦门优质中小学补习学校)","9"
"创新电脑科技","9"
"古典铁艺","9"
"同安区澳溪小学","9"
"渔仙钓具","9"
"夏安脚手架租售","9"
"华为授权体验店(渡田路店)","9"
"乐都汇广场","9"
"青之韵舞蹈学校(海沧海景奥斯卡店)","9"
"四林小学","9"
"大榕树yoyo幼儿园","8"
"劲声音响","8"
"至善幼儿园","8"
"易捷便利店(吕岭路店)","8"
"集美大学-食品与生物工程综合实验室","8"
"大同街道社区卫生服务中心","8"
"厦门市行政学院","8"
"千里达自行车","8"
"翔安教育集团许厝幼儿园","8"
"欣正达五金店","8"
"厦门大学附属第一医院杏林分院-门诊大楼","8"
"大拇指双语幼儿园","8"
"叶均水","8"
"集美大学-经济科学实验中心","8"
"贝贝幼儿园(洪何线)","8"
"鑫源超市(中埔路)","8"
"铭匠弘德式整体橱柜","8"
"喜尚佳禧花艺","8"
"乔丹(金凤集团东南)","8"
"碧珠烟酒茶叶","8"
"桃花岛","8"
"五中附小","8"
"集美大学嘉庚校区-南区","8"
"民丰超市","8"
"鑫翔英机电","8"
"琪琪幼儿园(海旺路)","8"
"七彩摇篮(D3276分店)","8"
"安鑫五金水电批发","8"
"金宏巢五金店","8"
"石囷社菜市场","8"
"后田小学","8"
"天虹微喔(万寿新城店)","8"
"哇哈哈幼儿园","8"
"吉森便利店(京口店)","8"
"格美健康水家电(厦门分公司)","8"
"集美大学财经学院-金融系","8"
"厦旺达超市","8"
"东方剑桥幼儿园","8"
"新华都购物广场(杏林店)","8"
"阳光彼岸实习学校","8"
"永利超市","8"
"上陵公仆希望小学","8"
"日升厨具","8"
"后浦双语幼儿园","8"
"厦门市城市职业学院-A栋","8"
"思明区前埔北区菜市场","8"
"博视康眼镜(汇景广场店)","8"
"厦门容妆学校","8"
"九茗茶叶","8"
"厦门市海沧区天心岛小学","8"
"厦门海洋职业技术学院-教学楼2","8"
"济南樱花日语学校合作校","8"
"同安区雅裕门窗","8"
"同安区军村小学","8"
"文康幼儿园","8"
"育芬文具店","8"
"厦门理工学院集美函授站","8"
"厦门市杏南中学-格致楼","8"
"爱婴岛(海沧店)","8"
"欣融泰·购物中心","8"
"集美大学福东楼-二","8"
"銮欣幼儿园","8"
"湖里区亲亲幼儿园","8"
"店里小博士幼儿园","8"
"鸿润福连锁超市","8"
"穗丰超市","8"
"民汇鑫生鲜超市石厝店","8"
"意大利佳沃自行车(海沧店)","8"
"大自然商贸","8"
"延地佛具加工","8"
"爱玛电动车","8"
"厦门远东专修学院-影视造型系","8"
"大玩家玩具城","8"
"嘉裕英语幼儿园(海沧农场)","8"
"捷百特实验器材用品店","8"
"金门高粱酒专卖店","8"
"顺吉花卉","8"
"永峰超市","8"
"星世纪电脑城","8"
"盛荣厨具酒店用品批发","8"
"厦门中山医院-4号楼","8"
"八马茶业(厦门市规划局同安分局南)","8"
"香茗茶庄(洪文石村店)","8"
"中国石化加油站便利店","8"
"厦门馨贝昉幼儿学苑","8"
"曾营小学","8"
"大唐电子城","8"
"环岛建材岛内仓库","8"
"明艳艳便利店","8"
"翔安区铜陵超市","8"
"厦门市集美碧珠茶店","8"
"亚玩超市","8"
"城南电子城","8"
"厦门市心血管病医院","8"
"福建工贸学校厦门校区","8"
"奕彩办公用品配送","8"
"新美琪儿幼儿园","8"
"福建省厦门第一中学分校","8"
"福建省华南厨师培训学校","8"
"烟草香烟专卖","8"
"哈昌机电","8"
"蒸汽大叔电子烟店","8"
"华祥苑茗茶(佰翔店)","8"
"飞翔干货店","8"
"锦园后浦超市","8"
"亿丰便利自选","8"
"亿鑫峰五金水电","8"
"湖里区快乐欢欢幼儿园","8"
"安厦民办学校","8"
"闽信隆超市","8"
"南堤公园","8"
"集美大学-机械工程学院","8"
"永福兴超市","8"
"如意家具批发","8"
"阿迪达斯(汇景购物广场店)","8"
"吉祥超市","8"
"华祥苑茗茶","8"
"爱玛电动车(洪何线店)","8"
"聚馨隆超市","8"
"大广厨具批发","8"
"五缘第二实验幼儿园","8"
"好日子生鲜超市","8"
"雯欣幼儿园","8"
"小哈福双语幼儿园","8"
"名帘布艺墙纸","8"
"厦门杏南中学","8"
"1798创业大街","8"
"彼岸生活便利店","8"
"珍山茶(东坪分店)","8"
"四季自然水果店","8"
"欧尚连锁超市坂头店","8"
"衣力园","8"
"加速度批发","8"
"厦门海洋职业技术学院-教学楼1","8"
"集美大学财经学院-财税系","8"
"小蔡超市","8"
"大坪卫生院","8"
"翔永顺建材","8"
"松齐超市","8"
"心之桥书屋","8"
"E家便利店","8"
"小又又生活馆","8"
"京东站点","8"
"森海数码(新安店)","8"
"夏商民兴超市(官任店)","8"
"好又惠商场","8"
"辉华商场","8"
"闽东红星门窗加工店","8"
"中国烟草福建海晟连锁(欣悦园店)","8"
"西滨小学","8"
"广益达化工","8"
"厦门林肯形象展厅","8"
"诚信公园","8"
"惠和石文化园","8"
"小李吊顶隔墙石膏线","8"
"见福便利店(海沧天源店)","8"
"侨谊幼儿园","8"
"天翼滨北营业厅·互联网手机卖场","8"
"海沧区嵩屿街道社区卫生服务中心","8"
"土地公庙","8"
"万家兴超市","8"
"候诊大厅","8"
"杏林小商品市场","8"
"永辉超市(杏林万科店)","8"
"永盛达超市(铁山花园东北)","8"
"旺客兴超市","8"
"意尔康(杏林东路店)","8"
"泰宏五金","8"
"屈臣氏(汇景广州店)","7"
"集美大学印斗校区北区","7"
"培程职业学校","7"
"娅峰石材","7"
"合裕诚烟酒","7"
"绿苗幼儿园","7"
"鑫惠英窗帘","7"
"未来第二幼儿园","7"
"华能五交","7"
"筑巢家具厂","7"
"厦门市湖里区星光学校","7"
"辉煌建材市场","7"
"建南商城","7"
"广汽菲克","7"
"厦门梵晟艺术培训学校","7"
"志宏冷饮冷冻食品批发","7"
"集美大学-水产学院","7"
"美宏食杂","7"
"金门大顺台湾高粱酒","7"
"兴欣旧货","7"
"日翔办公用品店","7"
"翔安大道公园","7"
"兴达家具厂家直销","7"
"新垵农贸市场","7"
"集美大学-水域与渔业资源监测中心","7"
"中联观云溪安仔便利店","7"
"蔬菜批发零售","7"
"品品香","7"
"天天晴便利店","7"
"华祥苑茗茶(软件园三期与营运中心店)","7"
"古山茶业","7"
"春风动力(杏林店)","7"
"多多便利店","7"
"塘霸渔具","7"
"智慧树幼儿园","7"
"森马(欣融泰店)","7"
"万福来生活购物(广场杏林店)","7"
"普洱世家","7"
"福家乐超市","7"
"嘉裕英语幼儿园(南海三路)","7"
"安利","7"
"厦门经济管理学院","7"
"杰诗宝酒业(水上乐园店)","7"
"杏苑兴家渔网店","7"
"金山数码(金山店)","7"
"绿佳电动车","7"
"明树小学","7"
"华顿幼儿园","7"
"悦风美妆学院","7"
"厦门科勒五缘湾红星美凯龙店","7"
"鑫宇金五金","7"
"台湾茶王梨山茶","7"
"星华南五金机电","7"
"海狼王渔具","7"
"国贸金门湾幼儿园","7"
"苏宁小店(厦门岭下社区店)","7"
"国酒香烟茶行","7"
"末柠(观音山店)","7"
"好义多茶业","7"
"鑫明泽酒业","7"
"集美职业技校机电LED实训中心","7"
"出租复印机电脑打印机监控","7"
"爱尚水族馆","7"
"小哈佛幼儿园(前村埔路)","7"
"红星美凯龙(厦门五缘湾商场店)","7"
"福建省机电技术学校","7"
"力天精密模具配件","7"
"海宝幼儿园","7"
"苏宁易购(厦门杏林店)","7"
"惠泽龙便利店","7"
"菁睿水果副食品","7"
"永乐家电(杏林店)","7"
"新万佳窗帘","7"
"邻相伴社区便利店","7"
"杏东中学","7"
"厦门市海沧区新江中心小学","7"
"笑购超市","7"
"琪发粮油","7"
"菲视鹭眼镜(灌口店)","7"
"海沧湾公园","7"
"鹭达眼镜(绿家园店)","7"
"卡客通","7"
"凤新超市(和通店)","7"
"星光民办小学","7"
"正港百货进口商品","7"
"航耀文具食杂","7"
"喜乐贝贝","7"
"新盛石材","7"
"可利馨小卖部","7"
"厦门春之约花店","7"
"石村旧货城","7"
"海燕幼儿园(霞煌路)","7"
"万华机构","7"
"厦门市民立幼儿园分园","7"
"旺客隆商场","7"
"福建省厦门第三中学校","7"
"永峰超市(锦园南路)","7"
"厦门康博口腔医院","7"
"TOTO海天紅星美凯龙专卖店","7"
"旺利超市批发自选","7"
"晨光文具(中联文教城西店)","7"
"翔弘兴美地亚登分店","7"
"印象台北花店(印象台北万科里永辉店)","7"
"红旺佳连锁超市","7"
"鹭鹭幼儿园","7"
"厦门市火炬学校","7"
"翔佳佳平价超市","7"
"大儒宝贝幼儿园","7"
"上熙茶叶","7"
"八马茶业(观海澜庭店)","7"
"龙虎南里幼儿园","7"
"石华副食品店","7"
"小金星国际幼儿园(天心岛园)","7"
"祈福堂","7"
"联塑管道","7"
"香港金就六福珠宝","7"
"摩托罗拉对讲机专卖","7"
"祥平中心幼儿园","7"
"才子汇","7"
"可爱贝贝(翔城国际店)","7"
"天创手机配件批发","7"
"璧茗茶厂","7"
"爱娃优品24小时成人用品无人售货店","7"
"厦门翔安平安桥医院","7"
"卿朴便利店","7"
"厦门市集美区杏东小学","7"
"正名品烟酒商行","7"
"厦门翔安颐豪酒店-商场","7"
"厦门华兴实验学校","7"
"旅游自选超市(厦门北站店)","7"
"厦门儿童公园二期","7"
"金秋食杂店","7"
"名人坊","7"
"厦门市海沧区新佳琦五金经营部","7"
"牡丹园(步行街)","7"
"甘露茶庄(长乐路)","7"
"厦门市湖里实验幼儿园","7"
"阳光东渡双语幼儿园","7"
"大益茶授权专营店","7"
"美佳缘","7"
"维家百货","7"
"美宜佳(天源店)","7"
"万鹭兴","7"
"君巍艺术园(全球最大微雕艺术园)","7"
"森薇便利店","7"
"永发五金店","7"
"景恒新五金","7"
"百果园(厦门金山店)","7"
"小森林艺术幼儿园","7"
"哈啰小镇","7"
"新华书店(新店镇店)","7"
"永鑫同进五金","7"
"烟花爆竹销售点","7"
"东百蔡塘广场A","7"
"田头幼儿园","7"
"广宜家居生活馆","7"
"永辉超市(思东店)","7"
"元初食品(蔡塘店)","7"
"德家鑫五金店","7"
"厦门市马銮小学","7"
"厦门市海沧区绿苑海景幼儿园","7"
"红梅批发部","7"
"台铃电动车(环城南路辅路店)","7"
"小太阳幼儿园(镇兴路)","7"
"集美大学经济学院-应用经济学","7"
"伟星管五金水暖电料店","7"
"福益贝家纺批发商行","7"
"厦门大贸机车专卖","7"
"兴航便利店","7"
"金海岸幼儿园","7"
"敬佛檀佛具(大路墘街)","7"
"宝岛眼镜连锁公司","7"
"杏滨果蔬批发市场","7"
"中国移动手机专卖店(宸飞后溪店)","7"
"亲亲宝贝婴童生活馆","7"
"东海学院","7"
"宝隆生活超市","7"
"厦门新艺白铁制作部","7"
"金铭自选超市","7"
"兵兵精品百货超市","7"
"电子秤地磅","7"
"润德源","7"
"闽西第一烤兔","7"
"海天广场","7"
"华祥苑茗茶(翔安店)","7"
"厦门市集美区东辉小学","7"
"曾林社区路山头幼儿园","7"
"易翔电脑","7"
"百花村花卉","7"
"古早人","7"
"良心商场(灌口分店)","7"
"海天爱家广场-海鸿楼","7"
"欣旺超市","7"
"云头称枫学校","7"
"永辉超市(金湖店)","6"
"虎嫂便利店","6"
"东百购物中心(蔡塘广场店)","6"
"青云隆生鲜超市(蔡塘店)","6"
"屈臣氏(沧湖东一里店)","6"
"向日葵幼儿园","6"
"千品玺善","6"
"茗露园茶业(长浩路)","6"
"家佳鲜蔬菜配送中心","6"
"金华腾办公家具","6"
"中埔小叶美的品牌专卖店","6"
"博乐幼儿园","6"
"马巷商城","6"
"蓝水郡商业街","6"
"大唐美美幼儿园","6"
"图途户外(总部)","6"
"厦门家兴家具厂","6"
"垦荒人(角嵩路)","6"
"润夏福生鲜超市","6"
"茶叶包装批发","6"
"丹山岩韵武夷茶(厦门会馆店)","6"
"美宜佳(杏林湾运营中心店)","6"
"闽弘达生鲜超市","6"
"阿扁超市","6"
"厦门TBK商业中心","6"
"希望之星幼儿园","6"
"宏前超市","6"
"同安新城小学","6"
"华为授权体验店(灌口镇灌口大道店)","6"
"升佳超市","6"
"顺浦便利店","6"
"国民水果(未来橙堡店)","6"
"华侨大学华文学院-14号图书馆电教楼","6"
"大三红红木家具","6"
"前埔健身公园","6"
"双溪公园","6"
"鑫阳光宝宝妇幼用品","6"
"百年树人教育培训补习学校","6"
"圆古茶业","6"
"岩上大红袍","6"
"振兴便利店(石亭路)","6"
"华盛礼品(厦门北站店)","6"
"华祥苑茗茶(绿家园店)","6"
"阿里巴巴创新中心优客工场","6"
"田头金铭购物中心","6"
"华南幼儿园","6"
"锋胜五金机电设备","6"
"厦门市集美区锦晨幼儿园","6"
"厦门市禾兴粮油批发","6"
"君上茗茶","6"
"福星隆超市","6"
"灌口菜市场","6"
"新鑫车行","6"
"五金杂货","6"
"中视眼镜(大唐世家店)","6"
"龙翔幼儿园","6"
"聪亿钢材","6"
"祥鑫五金水电","6"
"驴肉批发","6"
"喜家友便利店","6"
"好运窗帘批发","6"
"厦门第五医院-1号病房楼","6"
"厦门工学院-校医院","6"
"见福便利店(海天路店)","6"
"鑫福冠超市","6"
"铁艺批发","6"
"康城小学","6"
"御隆电脑科技","6"
"尚忠中心幼儿园","6"
"汇利多便利店","6"
"易来客超市","6"
"果源茗茶","6"
"湘少便利店","6"
"新港建材市场","6"
"厦门市社会主义学院","6"
"福","6"
"凤巢山泉","6"
"好尔美妇幼用品连锁(城南店)","6"
"银芝茶业同集北路直营店","6"
"大润发(蔡塘店)","6"
"湖边公园","6"
"金红日购物商场(杏林南路)","6"
"厦门市静威机械配件有限公司","6"
"乐安小学","6"
"新兴农贸市场","6"
"厦门市海沧区新江中心小学-宿舍楼","6"
"厦门市翔安区第一实验小学","6"
"厦门市观音山幼儿园","6"
"见福便利店(翔安厦大店)","6"
"恒永鑫车行","6"
"东方金子塔培训学校","6"
"铁山家佳富超市","6"
"苏宁易购(翔安汇景店)","6"
"五通农贸市场","6"
"长安欧尚(成实达同安店)","6"
"永信幼儿园","6"
"名创优品(汇景广场店)","6"
"鸿祥发卷闸门","6"
"厦门经济管理学院-A栋教学楼","6"
"集美大学-国际学术交流中心","6"
"衍升鑫超市","6"
"美宜佳(滨湖二里店)","6"
"鑫福泰隆超市","6"
"平安不锈钢加工","6"
"博香便利店","6"
"晨欣幼儿园","6"
"美利达自行车","6"
"鲜美家生鲜超市","6"
"厦门宇琳艺校(北附小分校)","6"
"鑫斌五金","6"
"杏林中心幼儿园","6"
"鼎鑫轩商贸","6"
"新兴窗帘墙纸批发零售","6"
"熊师傅瓷砖胶","6"
"长江有色金属网","6"
"花梦蝶","6"
"厦门市海沧区忠德文化教育培训学校","6"
"厦门金诚霖建材工业有限公司","6"
"新春天花坊","6"
"乐海百货","6"
"龙西菜市场","6"
"耐克(换季优惠店)","6"
"辰羽机电五金批发","6"
"华侨大学华文学院-15号办公室楼","6"
"阿青文具店","6"
"智贤茶庄","6"
"旺天美建材店","6"
"水皇后健康生活馆","6"
"新百伦","6"
"卡乐秀服装定制","6"
"福达源便利店","6"
"格拉斯星恒诚","6"
"厦门对讲机批发","6"
"仁成百货商场","6"
"茁苗幼儿园","6"
"厦门同安城南医院-住院部","6"
"兴冠杰空压机","6"
"吉海通粮油","6"
"兴广达车行","6"
"医世家巧英母婴庄园","6"
"湖明双语艺术幼儿园(杏林分园)","6"
"明珠幼儿园","6"
"明发园超市","6"
"优能中学教育","6"
"东坑汉思幼儿园","6"
"艺海无涯","6"
"有期Jc florist","6"
"良屋定制","6"
"五洲缘连锁超市","6"
"厦门同安城南医院","6"
"超声波清洗机","6"
"厦门兴国本教育补习学校","6"
"厦门市湖里区正大职业培训学校","6"
"众库仓储式便利店(厦门北站万科店)","6"
"福娃娃母婴生活馆(新村店)","6"
"同安区大同中心小学","6"
"绿苑商城","6"
"蔡塘广场","6"
"汇景大地双语幼儿园","6"
"鹭达眼镜(TBK店)","6"
"峰之宇手机通讯(塔埔店)","6"
"宝龙一城","6"
"君来悦烟酒行","6"
"恩松卫浴","6"
"日东幼儿园","6"
"软件园生活广场","6"
"鑫海兴百货(中仓店)","6"
"康顺卷闸门","6"
"启益园","6"
"盼盼阳光双语幼儿园","6"
"台商投资区农贸市场","6"
"金泰超市(杏林北二路)","6"
"未来之星幼儿园-一园","6"
"厦门市湖里区隐寓便利店","6"
"马垅阳光幼儿园","6"
"金福缘幼儿园","6"
"利民五金","6"
"富境达五金水电批发部","6"
"水岸邻里超市","6"
"宇晴便利店","6"
"厦门长庚医院","6"
"宝岛眼镜(厦门杏林店)","6"
"新华书店(马巷镇店)","6"
"晓涵双语幼儿园","6"
"金红日购物商场","6"
"兴旺贝斯幼儿园","6"
"杏林启明星幼儿园","6"
"新华书店(同安店)","6"
"厦门市集成电路众创空间","6"
"福硕线缆ABB开关","6"
"红苹果幼儿园","6"
"集美区集智幼儿园","6"
"励宏菜市场(穆厝店)","6"
"佳苑茗茶","6"
"阿芳便利店","6"
"易车行","6"
"东渡幼儿园","6"
"齐创建材","6"
"四季红百货商场","6"
"展锋科技注塑自动化产学研中心","6"
"大地","6"
"广盛远生鲜百货","6"
"西洋小学","6"
"西亭五金水暖","6"
"囿文","6"
"优果汇(海天店)","6"
"飞特手机城(灌口精品店)","6"
"吉庆隆超市","6"
"超子钓具","6"
"忠泉家具城","6"
"阳光雨露幼儿园","5"
"厦门市城市职业学院-1栋","5"
"鑫尚风电脑","5"
"双好便利店","5"
"银河星幼儿园","5"
"厦门市翔安区东星幼儿园","5"
"里物茶叶店","5"
"华茂鑫手机城","5"
"白沙仑川宇希望小学","5"
"华为授权体验店(马巷镇巷东路店)","5"
"小金星国际幼儿园(海景东五路)","5"
"SO hair(海沧乐海店)","5"
"杏北学生托教中心","5"
"23号仓库","5"
"豪家佳超市","5"
"春天阳光幼儿园","5"
"誉美佳装饰材料店","5"
"有朋来购物","5"
"集美大学机械与能源工程学院-福东楼","5"
"圣莉雅壁纸","5"
"盛诚食杂店","5"
"九牧洪塘五星定制店","5"
"鹭客隆超市","5"
"文圃双艺幼儿园","5"
"超杰五金店","5"
"翔安鲁藜小学","5"
"洪恒茂水暖洁具","5"
"亿丰超市","5"
"美宜佳(翔安宝嘉誉园店)","5"
"厦门市翔安区刘五店小学","5"
"永达厨具城","5"
"谨信图书","5"
"寨上鹭苗幼儿园","5"
"天福茗茶(厦门北站店)","5"
"锦园幼儿园","5"
"新翔好家具城","5"
"一家人便利店","5"
"厦门同安影视城-小卖部","5"
"倍顺超市","5"
"佳加礼便利店","5"
"冠立超市","5"
"金钥匙幼儿园","5"
"厦门博大读友书店","5"
"大风车家成长","5"
"迎客隆超市(仙岳路)","5"
"奥柏尼箱包","5"
"心园心超市(潘涂店)","5"
"鼎晟汇成文具","5"
"厦门市巷南中学","5"
"夏商中埔蔬菜批发市场","5"
"金三角石材","5"
"厦门韩氏健康板材(杏林店)","5"
"蓝王体育","5"
"世纪星幼儿园","5"
"名创优品(福建湖里万达金街店)","5"
"乔登篮球店","5"
"天天乐便利店","5"
"鸿兴门窗制作","5"
"金鑫英电器","5"
"美丽居家具","5"
"马巷供销社社区便利商场百货大楼","5"
"厦门市第五医院-2号病房楼","5"
"亿佳连锁超市(古塘垅店)","5"
"海尔专卖店(观日西路)","5"
"翔佳男装","5"
"恒美隆五金水电","5"
"洪旭便利店","5"
"集美大学-能源与动力工程实验中心","5"
"牛沃商超","5"
"人和乐超市","5"
"福津商业大街","5"
"县后幼儿园","5"
"DR钻戒(厦门JFC品尚中心店)","5"
"福建沃鑫彩钢","5"
"忠仑公园(东区)","5"
"厦门市湖里区名剑文武艺术幼儿园","5"
"顺兴荣制冷配件","5"
"七彩摇篮","5"
"BFY超市","5"
"鑫鑫悦茶庄","5"
"宏美兴涂料店","5"
"好邻居超市","5"
"私家便利店","5"
"亿佳超市(围里店)","5"
"鑫鹭洲生鲜超市(尚忠社店)","5"
"福爱家家具城","5"
"七色花幼儿园","5"
"塔埔大地幼儿园","5"
"金土地破碎锤","5"
"创想电脑科技","5"
"厦北馨园幼儿园","5"
"中翔建材批发","5"
"其乐渔具店","5"
"顶峰电脑","5"
"鑫荣平门窗五金加工店","5"
"厦门市心欣幼儿园","5"
"台湾水果","5"
"集美大学-海通楼","5"
"厦门北站-国际茶港城","5"
"欣佳超市","5"
"厦门茶叶城-B区","5"
"蓝星幼儿园","5"
"和风小学","5"
"金燕建材","5"
"鹭岛时光主题书店","5"
"朝智五金水暖商店","5"
"鑫双丰超市","5"
"鹭达眼镜(沧林东三路店)","5"
"JFC品尚中心-A馆","5"
"小绿五金工具店","5"
"西澳檀香代理","5"
"保生缘","5"
"东鑫特价砖","5"
"星光幼儿园(同安分园)","5"
"迎滨便利店","5"
"杏林酒店用品综合城","5"
"新东方电脑职业培训学校","5"
"爱尚幼儿园","5"
"禾盛馨雅艺术园","5"
"蓝帽子互动娱乐","5"
"佳购生鲜超市(同安银湖西里店)","5"
"北京师范大学智趣数学基地幼儿园","5"
"丹宁床垫家具批发","5"
"博艺幼儿园","5"
"厦门兴平五金机电","5"
"万仟堂(厦门北站)","5"
"海利兴","5"
"壹声艺术培训学校","5"
"同安第一实验小学(三秀路)","5"
"兴永嵩超市","5"
"尚恩幼儿园","5"
"亿客来办公家具展厅","5"
"嘉骑汽车驾驶培训学校","5"
"京口幼儿园","5"
"可得便利店(冠寓店)","5"
"鑫鹏翔劳保批发","5"
"友邦达不锈钢","5"
"厦门成功学校","5"
"百里弦歌琴行","5"
"久长时文化","5"
"厦门市海沧区添鱼钓具店","5"
"杏滨小学","5"
"厦门市海沧区新江中心小学-教学楼","5"
"浒井中心幼儿园","5"
"厦门顺润泰WEY","5"
"元初食品(海沧天心岛店)","5"
"阳光幼儿园(新盛路)","5"
"厦门夏商中埔水产批发市场","5"
"绝代佳人(厦门北站)","5"
"质购茶具商城","5"
"快乐宝宝幼儿园","5"
"厦门市同安区少年儿童业余体育学校","5"
"兴林灯饰家私城(祥桥精品店)","5"
"厦门海沧新阳幼儿园","5"
"鸿星尔克","5"
"森林人家小卖部","5"
"德歌酒业(悦华路)","5"
"鹭仁甲(厦门北站)","5"
"旺兴成五金","5"
"竹梯日杂百货","5"
"集美大学机械与能源工程学院福东楼-二栋","5"
"野门花","5"
"恩汇灯饰城","5"
"食杂烟酒","5"
"伟祥水电材料","5"
"利恒隆商场","5"
"洪塘卫生院","5"
"集美大学-工商管理学院","5"
"金红曰购物商场(南海三路)","5"
"洪恩双语幼儿园(海墘路)","5"
"厦门兴鹭床垫海沧","5"
"厦门市翔安区善延香料经营部","5"
"广东锐丰不锈钢管","5"
"集美区特殊教育学校","5"
"城场小学","5"
"客惠多超市","5"
"精品女装","5"
"旺客隆超市","5"
"恒通达电动工具(西柯店)","5"
"思恩电器行","5"
"鑫方岩建材(蔡店路口)","5"
"集美大学工商管理学院-教学大楼","5"
"滨海手机城","5"
"小金星国际幼儿园-蓝水郡园","5"
"连卡佛","5"
"顺达瓷砖加工厂","5"
"嘉裕英语幼儿园金苹果分园","5"
"集美大学工商管理学院-财务管理系","5"
"万利豪酒业","5"
"宏泰名典乐器琴行","5"
"不在书店","5"
"家家味厨具批发","5"
"素馨窗帘布艺","5"
"马巷中心小学分校","5"
"万峰建材城","5"
"马銮湾幼儿园","5"
"小金星国际幼儿园","5"
"厦门蔬菜农副产品批发市场","5"
"厦门水产交易批发市场","5"
"欧立电脑","5"
"百果园(厦门市未来橙堡店)","5"
"兔宝宝健康饰材专卖店(厦门杏林店)","5"
"鹭倍隆超市","5"
"佳加惠生鲜超市","5"
"昕昕幼儿园","5"
"东鹏瓷砖","5"
"寨上市场","5"
"钟宅民族幼儿园","5"
"以信之名","5"
"福海潮超市","5"
"曾厝垵农贸市场","5"
"远东盛激光焊","5"
"陈世哲食杂店","5"
"康桥双语幼儿园(火炬三路)","5"
"大地幼儿园(枋湖南路)","5"
"九牧五星定制体验店","5"
"官村幼儿园","5"
"美蒂家具","5"
"钢型盈钢材","5"
"老煌翡翠","5"
"艳红花卉批发中心","5"
"嘉裕英语幼儿园(嘉裕曾厝垵园)","5"
"鑫庆威建材经营部","5"
"厦门市湖里区小灵童英语幼儿园","5"
"宝岛眼镜(枋湖西路店)","5"
"厦门奥育体育舞蹈培训学校","5"
"隆泰生鲜超市(县后店)","5"
"福民生生鲜超市","5"
"欣一佳超市(新村店)","5"
"内厝中心小学","5"
"翔安区东星小学","5"
"德圣堂佛具","5"
"广物连锁超市(蔡塘店)","5"
"东南花卉","5"
"中新机场管理培训学院","5"
"信实新旧货","5"
"自动售货机","5"
"青礁慈济祖宫-便利店","5"
"鑫鑫酒水批发零售","5"
"缉仔亭五金水暖","5"
"采茶人茶业","5"
"新鲜柠檬批发","5"
"家乐园商场","5"
"岩内小学","5"
"欣集塑五金","5"
"五羊三轮专卖","5"
"育童幼儿园","5"
"老钓友渔具店","5"
"汇景购物广场","5"
"金尔福便利店","5"
"富如电脑培训(海沧新垵校区)","5"
"哎呀呀","5"
"海富路步行街","5"
"迪卡侬地下车库(入口)","5"
"特价鞋岛","5"
"黄记上品肉铺(文青店)","5"
"厦门雅丽中英文幼儿园","5"
"翔安区舫山小学","5"
"兴航特产便利店","5"
"福娃幼儿园","5"
"屈臣氏(集美国贸店)","5"
"七色光琴行","5"
"智婴母婴用品连锁店","4"
"西亭幼儿园","4"
"厦门工学院-学生交流中心","4"
"甜甜幼儿园","4"
"桥南化工原料","4"
"联亿昌五金机电","4"
"厦门和江隆建材","4"
"金门高粱酒","4"
"雅迪电动车","4"
"满家福超市","4"
"爱绿双语幼儿园","4"
"宏途汽车真皮座椅","4"
"OK野生首饰","4"
"时代豪园自选","4"
"易捷便利店","4"
"跳舞兰鲜花(禾山街道店)","4"
"高匠实木家具厂","4"
"宇琳文化艺术培训学校","4"
"厦门永兴厨具","4"
"草艺堂","4"
"路易卡丹酒庄","4"
"见福便利店(海沧未来橙堡店)","4"
"厦门市翔安区车都汇汽车饰品店","4"
"永泰商店","4"
"天明珠宝","4"
"金佳鑫烟酒","4"
"集美市民公园","4"
"伦尚发五金店","4"
"文发五金水电材料经营部","4"
"英贤幼儿园","4"
"华隆平价超市","4"
"向上幼儿园","4"
"厦门市同安区教师进修学校附属幼儿园","4"
"海沧区绿苑幼儿园","4"
"华联万家","4"
"颖诚五金水电","4"
"厦门禾一美术学校","4"
"台湾特产进口食品店","4"
"琳萱超市","4"
"合家欢建材·陶瓷","4"
"友力超市","4"
"含阳医疗器械","4"
"励志兴家具","4"
"艺祥星门","4"
"鑫青福食杂店","4"
"e家水果超市","4"
"黄厝第一特产超市","4"
"杏林中心幼儿园中海寰宇园","4"
"同安实验幼儿园","4"
"辉煌","4"
"虚度云","4"
"永兴久家具城","4"
"JFC品尚中心-C馆","4"
"城南开心幼儿园","4"
"民兴超市(古龙御景店)","4"
"晨达信钢材","4"
"清芳茶业","4"
"恒美轩画廊","4"
"张炳辉五金店","4"
"永福超市","4"
"中国贡香城","4"
"夏味叁零便利店","4"
"A.R.T艺心瓶","4"
"同安影视城-禹洲湿地公园","4"
"小燕子幼儿园(瑞林路)","4"
"屈臣氏(仙岳路分店)","4"
"集美大学即温楼","4"
"五粮液兴隆酒","4"
"集果轩","4"
"明达五金水电材料经营部","4"
"宁宝菜市场","4"
"王记(航空自贸广场)","4"
"上埔双语幼儿园","4"
"集美旧货城","4"
"集美区少年儿童图书馆(英贤小学分馆)","4"
"优佰利24h便利店","4"
"梅峰茗茶","4"
"厦门市音乐学校(五通校区)","4"
"祥福儿童公园","4"
"柏乐艺术培训中心(安仁大道)","4"
"小卿烟酒茶行","4"
"康城大地双语幼儿园","4"
"jfca馆","4"
"国珍网点","4"
"禹洲世贸生活广场","4"
"耕者皮具","4"
"厦门工学院理学院数学系","4"
"鲜丽花店","4"
"大成便利商店","4"
"厦门市高林中心小学","4"
"自然茶行","4"
"果与蔬生活馆","4"
"铁山育欣幼儿园","4"
"赛佳特家私","4"
"天福茗茶","4"
"弹个车体验店(厦门蚂蚁中海万锦熙岸店)","4"
"和智商店","4"
"和心窗帘布艺","4"
"福娃食杂店","4"
"暴走一族轮滑俱乐部(户外培训杏林青少年中心点)","4"
"美宜佳(宝拓大厦店)","4"
"同安区第二实验小学","4"
"易捷便利店(顶溪头店)","4"
"北健幼儿园","4"
"老凤祥银楼(现代城店)","4"
"中国常柴常柴专营经销商","4"
"米加加花艺","4"
"厦门大学(思明校区)-保安亭","4"
"贵在德缘","4"
"厦门亚当医院","4"
"益众商场","4"
"金叔五金水电","4"
"厦门市城市职业学院-2栋","4"
"鑫禄食杂店","4"
"三信石材","4"
"吉缘花行","4"
"鹭倍隆超市(后溪店)","4"
"永祥多多生鲜超市","4"
"梵禾鑫电器","4"
"厦门市奢文形象设计学校","4"
"鹭海渔钓具","4"
"阿贞喜庆用品专卖店","4"
"佳宏幼儿园","4"
"沧东五金建材","4"
"宏泰中心","4"
"厦门市海沧区艾青幼儿园","4"
"厦门工学院-商学院管理系","4"
"中国石化同安城东加油站-便利店","4"
"厦门市翔安区内垵小学","4"
"鲁藜公园","4"
"湖里区艾贝艺术幼儿园","4"
"见福便利店(旭日海湾店)","4"
"仁源五金店","4"
"厦门阳光彼岸补习学校(同安校区)","4"
"文汇家居广场","4"
"海滨幼儿园","4"
"溪边幼儿园","4"
"厦门市同安中医院-综合楼","4"
"屈臣氏(厦门同安三秀店)","4"
"锦鑫钢材","4"
"角美幼儿园","4"
"导导鲜鲜生活超市","4"
"文涛便利店","4"
"blacksheep","4"
"蓝天便利店","4"
"宇衡电脑","4"
"大音琴行","4"
"无限极(东孚卫生院西)","4"
"欧普照明(杏林北二路店)","4"
"银乔便利店","4"
"红不让","4"
"茗香缘茶叶店","4"
"正森五金","4"
"围里智慧幼儿园","4"
"百福诚家私(纺织东路)","4"
"锦和便利店","4"
"集美区育苗幼儿园","4"
"鸿威家具商场","4"
"集美艺星幼儿园","4"
"天赐五金水电","4"
"快乐购","4"
"厦门同安影视城-自动售卖机","4"
"寨上步行街","4"
"海之鑫五金","4"
"兹翔摩托车店","4"
"青年货栈","4"
"旺得龙生鲜超市","4"
"雷闽螺丝","4"
"厦门德安信教育会计培训学校(海沧新阳校区)","4"
"冠立超市(鳌冠)","4"
"进口皮尔萨水管凤华权五金","4"
"知音琴行","4"
"时发建材","4"
"眼康视力服务中心","4"
"福信隆超市","4"
"厦门警客来交通设施","4"
"友敏小卖部","4"
"爱迪幼儿园","4"
"海达楼","4"
"VDIVEvertical(威带夫潜水)","4"
"阳翟二路","4"
"高殿村寨上幼儿园","4"
"唯顺瓷砖建材超市","4"
"精牌建材体验馆","4"
"未来新垵幼儿园","4"
"都市丽人营运中心","4"
"苏宁易购(舜弘现代城店)","4"
"AmoyFlower淘花","4"
"JFC品尚中心-B馆","4"
"中国黄金","4"
"海澜之家(福建厦门新兴路店)","4"
"鲜道达便利店(五缘湾金绿店)","4"
"剑发钢材","4"
"见福便利店(223嘉园店)","4"
"百果园(厦门滨海阳光店)","4"
"厦至未至(曾厝垵店)","4"
"同安第一实验小学(西洋校区)","4"
"王义兰果蔬店","4"
"吉成不锈钢制品","4"
"厦门市高林南区幼儿园","4"
"竞业体育用品(体育路店)","4"
"柒牌男装","4"
"芒果很黄(曾不靠谱店)","4"
"钢筋场","4"
"华岐钢管","4"
"金世嘉涂料批发","4"
"辉煌永嘉超市","4"
"银象焊机","4"
"厦门工学院商学院-经济系","4"
"长庚医院-门诊大楼","4"
"厦门外国语学校(嵩屿中路)","4"
"灌口小学","4"
"瑞富宸机电","4"
"同安五中","4"
"厦门理工学院光电与通信工程学院","4"
"厦门市翔安区妇幼保健院","4"
"兆万家超市","4"
"厦门轻飞扬电脑","4"
"BLACK STAR BAR","4"
"惠佳橱柜","4"
"亚热带花市中心","4"
"天徕塑料批发","4"
"厦门恩蓓思幼儿学苑","4"
"慧心物语","4"
"福家佳生鲜超市(西桥店)","4"
"闽弘闽梁凤铝铝材","4"
"龙凤双语幼儿园","4"
"好惠佳超市(集美店)","4"
"合嘉幼儿园","4"
"液压气动","4"
"梦想家具","4"
"博研教育","4"
"好想来超市","4"
"厦市集美区英贤学校","4"
"毅贤幼儿园","4"
"红木家具(榕溪路)","4"
"信维电脑","4"
"晨光文具尚品文具店","4"
"梓航幼儿园","4"
"夏门祥裕鑫批发","4"
"月清批发","4"
"翔瑞五金水电材料批发","4"
"西潘六角池公园","4"
"厦门市城市职业学院-教学楼3","4"
"晶玻玻璃","4"
"厦门市第三医院","4"
"捷特姆购物广场","4"
"万家兴百货","4"
"厦门贻林双语幼儿园","4"
"集美区博艺亲亲幼儿园","4"
"美乐佳便利店","4"
"新联苹果湖里万达体验店(Apple授权经销商)","4"
"兴章家具城","4"
"小黄水泥店","4"
"龙家旺购物商场","4"
"立莘幼儿园","4"
"添平超市","4"
"集美中学-翔志楼","4"
"蓝天幼儿园(丰顺购物广场东)","4"
"集美瑞吉欧幼儿园","4"
"厦门市童星幼儿园","4"
"厦门多谷办公家具","4"
"爱馨幼儿园","4"
"厦门同安花露诗语花店","4"
"后溪综合市场","4"
"国珍建材","4"
"殿前派出所菜市场","4"
"创客便利","4"
"福长鑫超市","4"
"高崎新村幼儿园","4"
"厦门大学地质海洋学系","4"
"鑫天蓝食杂店","4"
"三星授权体验店(厦门市鑫旺欣杏林西路）","4"
"宝岛眼镜(翔安店)","4"
"艾肯幼儿园","4"
"育苗幼儿园","4"
"鲜厦手生鲜超市","4"
"以纯(杏西店)","4"
"嘉裕YoYo早教园","4"
"龙岩花生批发","4"
"夏商民兴超市(杏林湾店店)","4"
"夏商民兴超市(古龙御景店)","4"
"马巷加油站-便利店","4"
"永乐思文生活电器(海沧店)","4"
"闽南特产总汇","4"
"新正丰体育","4"
"菩成建材市场","4"
"三亚深睡眠床垫","4"
"阳光叁和智能门窗","4"
"金佳缘","4"
"鑫龙龙手机店","4"
"七彩摇篮(NO.d1037)","4"
"bistri 21","4"
"馨馨小店","4"
"琥珀艺术幼儿园","4"
"厦门市火炬幼儿园","4"
"阿良水果店","4"
"盼盼水果店","4"
"龙掘东服务区-便利店","4"
"鑫太阳幼儿园","4"
"宝岛眼镜公司","4"
"厦门海洋职业技术学院-办公楼","4"
"清爽小站","4"
"盛仪电子秤","4"
"五缘湾大地双语幼儿园","4"
"信达电机电动工具","4"
"灌口祥弘泰旧货市场","4"
"厦门五缘第二实验学校(西区)","4"
"西溪幼儿园","4"
"厦门市集美区康宝幼儿园","4"
"夏商大学康成一里","4"
"猪老板的便利店","4"
"名都家具广场(同安分店)","4"
"秀江森洋橡塑","4"
"灌南幼儿园","4"
"意盛隆超市","4"
"集美大学教师教育学院-新师楼","4"
"同安区祥福幼儿园","4"
"群业五金","4"
"江南超市","4"
"劳动公园","4"
"厦门工学院-商学院","4"
"同安区田洋小学","4"
"集美区金九牧幼儿园","4"
"德诚鑫生鲜超市(后柄店)","4"
"A.O.史密斯(厦门沧林建材市场专卖店)","4"
"诗佳便利店","4"
"百珑五金","4"
"英亚铝材","4"
"曲扬美术","4"
"福客临超市(围里店)","4"
"育婴家园(母婴店)","4"
"旺平鲜超市","4"
"星艺家具","4"
"东升五金店","4"
"典雅家具厂","4"
"鑫侨阳鞋行","4"
"厦门宇琳文化艺术培训学校(角美分校)","4"
"福建厦门海晟连锁汇景店","4"
"银祥放心肉","4"
"碧龙超市","3"
"厦门市兴美祥灯饰","3"
"百信渔具","3"
"小宝生鲜超市","3"
"唐高体育","3"
"同安悦灵舞蹈学校","3"
"翔安区实验幼儿园(南街园)","3"
"宝姿","3"
"跑街自贸试验区进口商品直购中心","3"
"心晴艺术培训学校","3"
"御果庄园(滨水店)","3"
"官浔小学","3"
"兴永昌隆超市","3"
"厦门市同安区洪塘头小学","3"
"欧浪艺术玻璃","3"
"御宝源珠宝店","3"
"角美中心小学","3"
"韵木堂茶业","3"
"彩虹食杂店","3"
"厦门市灌口镇文化技术学校","3"
"博爱幼儿园","3"
"佳享涂料店","3"
"逸美佳好运妆容定制","3"
"海尔(集美后溪店)","3"
"富源达眼镜厂","3"
"朝阳幼儿园","3"
"富兴生活超市","3"
"仙友红木","3"
"宝儿童装店","3"
"大兴顺建材","3"
"甘露轩茗茶","3"
"厦门欣欧亚铁艺","3"
"大本水暖五金商行","3"
"逛一逛便利店","3"
"华祥苑茗茶(嵩屿中路)","3"
"影视城牌楼小卖部","3"
"奥尔康灯饰城","3"
"金鹭幼儿园","3"
"小博士幼儿园","3"
"新华辉超市","3"
"元胜星电脑","3"
"晨光文具(霞煌路店)","3"
"青山幼儿园","3"
"何厝小学","3"
"仁和幼儿园","3"
"郑福顺便利店","3"
"悦园","3"
"bar便利店","3"
"无限极","3"
"厦门市翔安区杉迦梓建材经营部","3"
"华为授权体验店(新民镇梧侣路店)","3"
"金银首饰","3"
"华鑫超市(翔安东路)","3"
"厦门大学航空航天学院动力工程系","3"
"爱GO生活超市","3"
"惠享购生鲜超市","3"
"钟楼壹号商城","3"
"胡子王刀馆","3"
"消安消防器材","3"
"凯莉芙全屋定制","3"
"鱼人渔具店","3"
"郑坂社区综合农贸市场","3"
"下边中心幼儿园","3"
"鑫隆茗茶叶批发店(翔安店)","3"
"百果园(厦门乐海店)","3"
"城西小商品市场","3"
"片仔癀","3"
"湘厦人百货连锁超市尚忠店","3"
"简絮一品霓裳","3"
"惠购生鲜超市","3"
"明鑫五金","3"
"亿东信螺丝","3"
"日日合兴酒店用品城","3"
"青礁新苗幼儿园","3"
"水美乐","3"
"金昆文具百货批发部","3"
"五甲里食杂店","3"
"炉生五金","3"
"欧拉酒庄","3"
"庆芳五金水暖批发","3"
"童馨双语幼儿园","3"
"艺术广场","3"
"厦门大学(翔安校区)-海洋与地球学院","3"
"美味水果","3"
"鱼具店","3"
"南天幼儿园","3"
"顶辉五金水电材料","3"
"家乐康门窗","3"
"欧雅墙纸专卖店","3"
"利华窗帘生产工艺(厦门)研发中心","3"
"众库仓储式便利店(同安西柯湖里园)","3"
"八马茶业(高新技术园店)","3"
"空颠食杂店","3"
"橄榄树花卉水族馆","3"
"洗墨池幼儿园","3"
"湖里实验中学-实验楼","3"
"精英双语幼儿园","3"
"华胤小象幼儿园","3"
"花之恋花店","3"
"旭鑫五金店","3"
"顽石户外运动生活馆","3"
"永辉超市(同安现代城店)","3"
"厦门市翔鹭小学","3"
"厦门海洋学院","3"
"天添惠超市","3"
"鑫源弘烟酒行","3"
"集美家居(厦门同安店)","3"
"翔安区少年儿童业余体育学校","3"
"厦门大学能源学院","3"
"利佳超市","3"
"长庚医院-住院大楼","3"
"长庚医院-动力中心","3"
"新天地幼儿园","3"
"鑫泉五金水电","3"
"掏海钓具","3"
"奥威特自行车店","3"
"厦门市翔安区启航职业培训学校","3"
"彩虹便利店","3"
"御泰翔","3"
"海堤茶叶(后溪永祥店)","3"
"喜宝莱茶庄","3"
"阿珠百货","3"
"亿发达五金","3"
"巷新贝乐幼儿园","3"
"槟榔文具店","3"
"台湾水果专卖店","3"
"广物佳品","3"
"超群幼儿园","3"
"红太阳幼儿园","3"
"山亩","3"
"厦门市海沧区职教中心","3"
"鲜益水果店","3"
"清彩阳","3"
"顺发五金茶叶","3"
"汇百乐超市","3"
"鑫文发五金","3"
"丽婴房","3"
"厦门市同安区干部学校","3"
"同一家人超市(朝元店)","3"
"佳多多水果百货","3"
"YNIO","3"
"利家超市","3"
"开发装潢材料店","3"
"深青茶行","3"
"启育教育中心","3"
"中国移动授权代理店(胡志杰店)","3"
"厦门市第三幼儿园","3"
"围里中心幼儿园","3"
"茗瓷缘茶业","3"
"微喔","3"
"北南旧货","3"
"郑海金便利店","3"
"帝豪卫浴有限公司","3"
"易捷便利店(同集中路辅路店)","3"
"好客隆超市","3"
"缘于茶行","3"
"九牧卫浴","3"
"大恒家具","3"
"荣牧兽药经营部","3"
"品味轩","3"
"吉享来商店","3"
"久酒烟酒","3"
"帝亚星酒业","3"
"夜成人用品自助售货店","3"
"小圆花卉","3"
"厦门鼓浪屿最近海景三套房家电家私齐全酒店式公寓","3"
"丝巢燕窝(海沧天心岛店)","3"
"乐多多幼儿园","3"
"马巷蔬菜批发市场","3"
"潘涂蔬菜超市","3"
"合时宜便利店","3"
"超森亿建材店","3"
"月清食杂","3"
"万里麒通讯","3"
"隆鑫行钢材","3"
"洪村饲料店","3"
"育英艺术幼儿园","3"
"育昕幼儿园","3"
"柠檬味便利店","3"
"文兴蔬菜种苗","3"
"建祥五金","3"
"腾辉家具(祥桥店)","3"
"翔安区新店镇湖头幼儿园","3"
"岭兜花卉市场","3"
"厦门市同安区中医医院","3"
"角美社区卫生服务中心","3"
"优吉诺门店","3"
"厦门大学环境与生态学院","3"
"万年盛超市","3"
"培英双语幼儿园","3"
"卓越单车","3"
"集鹭安兴五金店","3"
"腾辉家具(和力店)","3"
"厦门大学(翔安校区)-和木楼","3"
"欣九牧幼儿园","3"
"盈盈幼儿园","3"
"明福食杂店","3"
"鑫辉隆超市","3"
"永生家具","3"
"青云隆超市(成业大厦东)","3"
"喜翔汽车用品批发","3"
"海堤茶叶(鳌冠社区服务中心综合楼店)","3"
"上海奔奔门业","3"
"旺祥隆超市","3"
"科盛电脑网络","3"
"优汇购","3"
"新中车行","3"
"厦门理工学院-土木工程与建筑系","3"
"永记超市","3"
"泽祺众志家具","3"
"鑫力霞香料经营部","3"
"莫干山板材体验馆","3"
"达辉幼儿园","3"
"叮叮午托","3"
"立业卫浴","3"
"鑫乐购超市","3"
"小叮当双语幼儿园","3"
"子煜办公文具","3"
"新永鑫超市","3"
"厦门六扇门窗定制中心","3"
"创新幼儿园","3"
"喜悦幼儿园","3"
"厦门市第三医院(急诊医学部)","3"
"厦门运乐酒水批发","3"
"新埯幼儿园","3"
"伊人e站","3"
"东山加油站-便利店","3"
"大屏山公园","3"
"尚柏奥特莱斯","3"
"圣峰茗茶","3"
"小晶商贸","3"
"湘惠万里平价超市","3"
"丽淑烟酒商行","3"
"好宝宝幼儿园(殿前三路)","3"
"厦门市广播电视大学","3"
"优儿坊童装","3"
"旺盛水族","3"
"厦门市翔安区久木流芳五金店","3"
"阳光视线眼镜(同安店)","3"
"厦门理工学院-4号实验楼","3"
"惠民电器五金商店","3"
"建评超市","3"
"便利佳","3"
"厦门市内林小学","3"
"永明康便利店大学(康城店)","3"
"帮您忙电脑","3"
"西塘水管店","3"
"马巷卫生院","3"
"东风雷诺","3"
"世拓五金机电商行","3"
"锦吉消防器材批发","3"
"领翔生鲜超市","3"
"见福便利店(蓝月湾店)","3"
"华隆超市(安兜二店)","3"
"厦门演艺职业学院","3"
"海信·容声专卖店(大同专卖店)","3"
"汇德乐幼儿园","3"
"全球首创台湾馆日韩馆","3"
"日佳兴便利店","3"
"厦门同安影视城-购物中心","3"
"小飞电脑","3"
"厦门市同安区永红小学","3"
"中汇购物广场(银城店)","3"
"新东方教育培训学校","3"
"刘莽","3"
"Apple授权经销商专区(美承湖里万达店)","3"
"美岁城","3"
"有朋超市(高阳街)","3"
"达德通便利店","3"
"嘉景幼儿园","3"
"尚闽亿家具","3"
"恒远文化","3"
"雅之典礼品漆线雕","3"
"长安瓷砖","3"
"明鑫诚电脑科技","3"
"新江幼儿园","3"
"华辉超市","3"
"杏林中心小学","3"
"诺淇家居","3"
"厦门迪西母婴童有机奶粉连锁店(新圩店)","3"
"GRC外墙浮雕装饰","3"
"壹品珍珠","3"
"家家福超市(东林路)","3"
"阳塘幼儿园","3"
"厦门市同安区大同街道社区教育学校","3"
"成长双语幼儿园","3"
"隆泰生鲜超市","3"
"方客隆超市(内西里)","3"
"跃达电脑","3"
"创意书店","3"
"望龙门超市","3"
"优茗茶行","3"
"厦门门业","3"
"好嘉中心店","3"
"小海豚幼儿园","3"
"书之缘书店","3"
"老毕便利店","3"
"厦门市城市职业学院-6栋","3"
"喜乐超市","3"
"长庚医院-往生室","3"
"福川茶莊","3"
"群乐超市","3"
"百果园(厦门富城花园店)","3"
"老四钓具","3"
"厦门市特殊教育学校","3"
"真诚鞋店","3"
"百嘉里生活超市(高林店)","3"
"华润水泥","3"
"金世家建材","3"
"春鑫建材","3"
"新店第一中心幼儿园","3"
"汉氏精品","3"
"万年兴家具","3"
"杭峰机电五金","3"
"落脚点鞋坊","3"
"涌舜中央空调","3"
"梵巢家居","3"
"欣振杰五金店","3"
"金源购物中心","3"
"叙一叙","3"
"尚品家具城","3"
"海鸿家具灯具城","3"
"家贝尔幼儿园","3"
"咪奇爱BABY婴童连锁","3"
"同安宇晨兽药经营部","3"
"美肤宝","3"
"书女食杂店","3"
"高崎水产品批发市场","3"
"贝贝乐幼儿园","3"
"见福便利店(NO.1029)","3"
"翔贝乐母婴用品连锁店","3"
"捷足鞋业","3"
"厦门集美东南医院","3"
"角美镇共和居委会老年学校","3"
"美宜佳(万科中心店)","3"
"集美大学轮机工程学院-轮机实验大楼","3"
"前埔北区小学","3"
"裕信达生鲜超市(湖边店)","3"
"鹭信隆商场","3"
"阳光商场","3"
"阿宽服装店","3"
"集美区少年儿童体育学校","3"
"尚帮便利店(五缘湾店)","3"
"88","3"
"隆美窗帘","3"
"佳威扣板吊顶","3"
"鑫胜翔五金店","3"
"集美大学(印斗校区)","3"
"厦门市昕野卫浴有限公司","3"
"宜贝幼儿园","3"
"海滨小学","3"
"新店儿童公园","3"
"无限极(杏林北路店)","3"
"华祥苑茗茶(杏林店)","3"
"尚鑫五金水电","3"
"恒兴木业木材加工销售","3"
"彩色不锈钢","3"
"永青超市","3"
"小徐车业(前埔店)","3"
"鑫昌翔建材五金商店","3"
"湘宏针织鞋业鱼具批发","3"
"恒兴茶叶茶具批发","3"
"五金电料店","3"
"真的午阳","3"
"白云边酒业","3"
"福家康家具城","3"
"欣星超市","3"
"厦门市集美第二小学","3"
"珍时惠茶叶店","3"
"诺鸣水果超市","3"
"欣网维电脑","3"
"厦门海洋职业技术学院-实验楼","3"
"麒麟茶叶包装","3"
"家宝蛋品批发部","3"
"长兴超市","3"
"天虹","3"
"多实惠生鲜超市","3"
"百年红家具广场","3"
"建达建材","3"
"龙牌石膏板","3"
"见福便利店(五缘湾店)","3"
"香兰副食品店","3"
"中正手机城(后郭店)","3"
"爱玛电动车(尚忠店)","3"
"得利五金水电","3"
"创升马赛克","3"
"厦门工学院","3"
"溢祥苑茶业","3"
"喜盈门建材家具广场(同集南路店)","3"
"葡萄酒庄","3"
"龙光五金","3"
"北京集美家居-1号馆","3"
"东成专业电动工具","3"
"亿佳购物","3"
"金贝贝双语幼儿园","3"
"万杰隆","3"
"广东名品家具城","3"
"金联农农资","3"
"名足坊","3"
"亿福家具","3"
"祥众医药","3"
"厦门理工学院-6号实验楼","3"
"同福顺五金加工","3"
"信意隆超市","3"
"厦门六艺眼镜有限公司","3"
"厦门外国语学校翔安附属学校","3"
"翔安实验学校(美地雅登祥吴三里东南)","3"
"自贸区跨境商品","3"
"福星隆购物","3"
"超利石材工具","3"
"舒心托教","3"
"家家乐超市(后尾路店)","3"
"谷堤茗茶","3"
"家佳兴超市(集安路)","3"
"大家茗茶","3"
"天马通讯","3"
"笑微微花店(火车站店)","3"
"加佳惠超市","3"
"小森林艺术幼儿园集美园","3"
"百汇居软装","3"
"厦门聚泰正兴礼饰品有限公司","3"
"永昌弘不锈钢,铝合金制作","3"
"天世成二手综合市场","3"
"集美区东边小学","3"
"中国黄金珠宝","3"
"厦门市同安区乐佳缘茶叶店","3"
"鱼都水族馆","3"
"客兴来超市","3"
"凯升百货批发","3"
"东孚水泥经销处","3"
"世朴超市","3"
"夏商民兴超市(大学康城店)","3"
"翔鹰门窗","3"
"景丽家具商场","3"
"润饶名酒行","3"
"美人渔","3"
"大拇哥幼儿园","3"
"加佳多超市(后柄店)","3"
"高浦村幼儿园","3"
"熙妍美业培训学校","3"
"iRose花店(产品合作展示店)","3"
"花花幼儿园","3"
"晨光叶昇文具店","3"
"妈咪宝贝屋","3"
"OPPO(同安现代城店)","3"
"厦门外国语学校(集美分校)","3"
"穆厝建材家居","3"
"三菱电机","3"
"五缘第二实验学校","3"
"旺盛超市","3"
"兴三国车行","3"
"云森母婴生活馆","3"
"厦门大学(翔安校区)-周隆泉楼","3"
"伟然·时春","3"
"永富萱家具城","3"
"厦门市第九幼儿园(前埔北分园)","3"
"理想幼儿园","3"
"厦门市同安广播电视大学","3"
"浒井农贸市场","3"
"爱特星新星幼儿园(二园)","3"
"国珍水果店","3"
"罗莱家纺(同安专卖店)","3"
"婴儿坊婴幼用品","3"
"华为(银莲路)","3"
"内厝中心幼儿园","3"
"福信隆自选商场","3"
"集友公园","3"
"青华幼儿园","3"
"九里香超市","3"
"金V全屋定制","3"
"贝星幼儿园","3"
"小周石材","3"
"祥瑞福食杂店","3"
"易家床上用品","3"
"兴旺粮油经销店","3"
"金和佳公寓便利店","3"
"集美大学育才楼","2"
"群星双语幼儿园","2"
"知好乐书屋","2"
"鑫鑫玻璃店","2"
"利民宁宝购物广场","2"
"李建聪便利店","2"
"聚鑫艺术幼儿园","2"
"家惠超市","2"
"富浓茶行","2"
"螺丝螺母建筑装饰五金","2"
"正山堂","2"
"金福泰水暖","2"
"专业厨具批发厨房设备部","2"
"庆华精选超市","2"
"伍顺五金","2"
"华侨大学-学术交流中心","2"
"道南楼","2"
"内茂社区公园","2"
"名媛淑女","2"
"菜本菜生鲜超市(中海店)","2"
"江淮鼎力工程车","2"
"全饰美精品屋","2"
"东辉陶瓷 广东瓷砖批发","2"
"鑫禹鸿超市","2"
"建阳茶叶","2"
"伟达艺术玻璃","2"
"嘉家鑫建材","2"
"英仔果蔬便利店","2"
"厦门市天安中等职业学校","2"
"娘缘喜坊","2"
"富海百货(新垵北店)","2"
"贝斯幼儿园","2"
"猫咪sansan猫舍","2"
"生鲜小市场","2"
"每时美季(阿罗海店)","2"
"青云隆超市","2"
"香玉堂茶庄","2"
"福楼便利店","2"
"维多利陶瓷","2"
"飞特手机城(新村店)","2"
"星联发厨具","2"
"才娥副食品","2"
"有良五金机电","2"
"中财管道厦门集宏盛建材经营部","2"
"雅迪电动车(龙池商业街店)","2"
"青礁小学","2"
"金星艺术幼儿园","2"
"贝斯特石业办公楼总部","2"
"鸿星尔克(新霞西路店)","2"
"西豆数码","2"
"乐事多超商(金日路)","2"
"东兴钓具","2"
"家乐富商场","2"
"欣万铭礼品","2"
"天天来超市","2"
"彦君便利店","2"
"泉利磁砖现货批发","2"
"伯明佛具","2"
"厦门市思明区前埔蔚蓝时代幼儿园","2"
"集美区华纶幼儿园","2"
"鑫庄园酒业","2"
"乐棋食杂店","2"
"永升新城农贸市场","2"
"集美学村派出所厦门理工学院警务室","2"
"厦门市翔安区祥安美居家具店","2"
"华雅幼儿园","2"
"多乐福食品经营部","2"
"翔安区金山小学","2"
"广西平果铝业","2"
"瑶滨建材","2"
"京师早教幼儿园","2"
"友鲜连锁超市(杏南店)","2"
"鑫阿郎自行车经营部(东孚专卖店)","2"
"电线电缆专卖店","2"
"星宝华亿","2"
"小哈佛双语幼儿园","2"
"爱家家具","2"
"见福便利店(象屿五金店)","2"
"兴建超市","2"
"鑫盛兴隆超市","2"
"小天使幼儿园(新街)","2"
"群发电器","2"
"爱婴室(凤山路店)","2"
"中艺红木","2"
"百捷百盛","2"
"茗轩茶行(莲塘路店)","2"
"集美大学-音乐学院","2"
"路口人家","2"
"佳福煤气炉具厨具店","2"
"集美工业学校图书馆","2"
"李宁(同安店)","2"
"山闽茶业","2"
"鑫国欣","2"
"鹭达申五金店","2"
"云海龙服饰","2"
"不锈钢","2"
"华建生活超市","2"
"大地幼儿园(灌口南路)","2"
"古龙御景销售中心","2"
"欣莲发日用品","2"
"富华林钢材","2"
"佳达水暖五金机电行","2"
"鑫来发五金","2"
"侨灵钢材","2"
"同安教师进修学校附属小学","2"
"三秀托儿所","2"
"无限极中草药健康超市","2"
"Nike服饰鞋帽店(阿罗海城市广场店)","2"
"杏北蔚蓝时代幼儿园","2"
"恒安达水电材料总汇","2"
"复制门禁卡","2"
"培婴房母婴用品店(内厝店)","2"
"鹭佳百货","2"
"厦门大学(翔安校区)-学武楼","2"
"水标批发","2"
"大风车艺术幼儿园","2"
"双利泰","2"
"花语花卉(闽南古镇)","2"
"鸿星尔克(春光路店)","2"
"新圩市场","2"
"群晖双语幼儿园","2"
"小圣贤幼儿园","2"
"顺丰优选(禹州尊海店)","2"
"厦门大学(翔安校区)-成伟楼","2"
"三为户外","2"
"晟昱幼儿园","2"
"闽海成电器","2"
"安达出行","2"
"亦家便利店(翔城国际店)","2"
"庄氏眼镜(同安现代城店)","2"
"厦门市同安区特殊教育学校","2"
"鑫隆门窗","2"
"昌盛钢材","2"
"净花缘水族馆","2"
"西塘家家惠购物中心","2"
"锦园旧货","2"
"宜又惠百货","2"
"佳润多良琼食杂店","2"
"日日顺鸟箱","2"
"馨连欣百货","2"
"福满兴生鲜超市","2"
"阳光超市(禾山店)","2"
"美伦便利店","2"
"伟升通讯","2"
"嘉联超市","2"
"恒立发五金店","2"
"厦门市翔安区教师进修学校附属小学","2"
"新鑫模具钢","2"
"七巧板幼儿园","2"
"集美区乐海幼儿园","2"
"乡村学校少年宫","2"
"顺丰优选(中航城A区店)","2"
"华为授权体验店(西安广场店)","2"
"娃哈哈幼儿园","2"
"海澜之家(福建厦门同新北路店)","2"
"厦门工商旅游学校","2"
"荣鑫兴铭松门业木地板","2"
"兴隆百汇购物","2"
"惠丰超市","2"
"红太阳托管中心","2"
"厦门市秀德幼儿园","2"
"依思Q(工厂店)","2"
"顺来家具","2"
"向前家具家居生活馆","2"
"厦门五缘第二实验学校中学部","2"
"厦门市第二医院","2"
"嘉农商贸城","2"
"佳亮眼镜(同安一中分店)","2"
"百分百辅导中心","2"
"厦门市高浦小学","2"
"美尔惠百货","2"
"盼哒便利店","2"
"海西便利店(黄厝三路)","2"
"吉图商贸","2"
"绿色田园生鲜超市","2"
"海堤茶叶","2"
"育苗双语艺术幼儿园","2"
"老胡鲜鸡蛋批发部","2"
"贝尔特英语幼儿园","2"
"大润禾电器","2"
"雨虹防水","2"
"冬梅酒饮配送","2"
"京东便利店","2"
"龙凤童装童鞋(前中路店)","2"
"快乐园地","2"
"九牧林幼儿园","2"
"优家生鲜超市","2"
"天虹商场(沧林东店)","2"
"福盛辉百货","2"
"鸿利文具","2"
"跃进轻卡自卸车专卖店","2"
"飞翔幼儿园(新村分园)","2"
"雅迪电动车(巷西路店)","2"
"金山超市(龙西店)","2"
"罗西尼","2"
"翔豪来家具","2"
"8090服装店","2"
"广东永日橱柜","2"
"思梦雅家纺","2"
"厦门大学国家传染病诊断试剂与疫苗工程技术研究中心","2"
"角美同心乐幼儿园","2"
"兴达五金水暖家具","2"
"蔚蓝时代亲子团","2"
"坂上龙翔幼儿园","2"
"台湾商品直销","2"
"弘爱便利店","2"
"文昌成洋酒名酒总汇(海沧礼品城店)","2"
"糖果瓷砖","2"
"鑫辉钢材仓储","2"
"进轮粮油批发店","2"
"德中水族批发市场","2"
"好日子商场","2"
"厦门市集美区日煌五金商店","2"
"福鑫五金商店","2"
"鑫亿福不锈钢板","2"
"朗朗之声琴行","2"
"厦门理工学院-电气工程与自动化学院","2"
"厦门永鹏家具批发部","2"
"红都盆景园","2"
"二货","2"
"振作车行","2"
"厦门友谊安防科技","2"
"旺达车行","2"
"鲜果园水果超市","2"
"中盛家具城","2"
"鑫涌康门业","2"
"综合菜市场","2"
"七色光艺术幼儿园","2"
"金钟五金店","2"
"美择置业","2"
"见福便利店(内茂店)","2"
"恒宝隆灯饰卫浴商行","2"
"沃尔玛(大摩阿罗海城市广场店)","2"
"振兴五金水电","2"
"小李五金店","2"
"EVERGUIDER","2"
"彼昂多元教育","2"
"喜德盛自行车(湖滨南店)","2"
"厦门市玛雅家具厂","2"
"大鼻水暖灯饰","2"
"来如寄书店","2"
"农贸市场","2"
"五缘学村","2"
"跃琼五金店","2"
"厦门软件职业技术学院-实训楼","2"
"橡树湾幼儿园","2"
"饰家建材","2"
"亿小米办公用品","2"
"家福多超市(西塘路)","2"
"亲清泓建材","2"
"厦门市同安区内厝卫生院","2"
"玛雅琴湾·琴行","2"
"金童年幼儿园","2"
"翔利农贸市场","2"
"地球是圆的(君尚店)","2"
"橄榄树幼儿园","2"
"宝贝之星幼儿园","2"
"永辉超市(龙海龙池店)","2"
"厦门樊登书店","2"
"乐易幼儿园","2"
"钟宅渔具店","2"
"金曙光幼儿园","2"
"前场小学","2"
"黄则和(塔头店)","2"
"厦门大学-农业生物技术系","2"
"兴三国马巷销售服务店","2"
"百姓缘超市","2"
"好佳惠超市","2"
"筑梦向日葵琴行","2"
"厦门五缘实验学校","2"
"荣事达全屋整装","2"
"八马茶业(福兴国际店)","2"
"宝岛眼镜(厦门海沧城市广场店)","2"
"瑞丰生鲜超市(叶厝店)","2"
"厦门市湖里区广兴隆便利店","2"
"君度烟酒","2"
"台湾信华食品","2"
"集美区双塔小学","2"
"夏商民兴超市(滨水店)","2"
"阿杜知心超市","2"
"食汇源农副食品","2"
"唯蓝尚品屋","2"
"聪聪幼儿园(下枫路)","2"
"嘉瑞灯饰","2"
"鑫阳星纺床上用品","2"
"柒牌男装(三秀路店)","2"
"海堤茶叶(芙蓉苑店)","2"
"思旭制冷","2"
"阿海便利店","2"
"法治文化苑","2"
"厦门君尚广场","2"
"情趣用品店","2"
"新村小学","2"
"鑫友丰五金","2"
"天虹君尚超市","2"
"益友会茶庄","2"
"辉林石材工具磨具","2"
"同安书画院名家字画专营点","2"
"厦门市同安区成玉批发","2"
"三友钢材","2"
"拱门斜坡健福兴超市","2"
"胡耀坤电动车行","2"
"厦门市第六幼儿园(何厝分园)","2"
"中盛陶瓷","2"
"阿迪达斯(阿罗海城市广场店)","2"
"翔安区实验幼儿园(祥吴园)","2"
"尚音艺术培训学校(同安校部)","2"
"鲜果王","2"
"芳雪阑化妆品","2"
"上品优购","2"
"兴之龙水族馆","2"
"夏商超市","2"
"德高防水","2"
"机床直销","2"
"公牛世家专卖店","2"
"今天乐购日用品店","2"
"厦门大学-生物化学与生物技术系","2"
"水塘公园","2"
"大唐星星幼儿园","2"
"宝岛眼镜(同安店)","2"
"厦门三恒防火门","2"
"福建特产","2"
"大众眼镜(集美分店)","2"
"优美太智能晾衣架专卖店","2"
"宝嘉便利店(宝嘉誉园店)","2"
"豪丰购物","2"
"篮球场小卖部","2"
"超级物种(湾悦城店)","2"
"厦门市爱心培训学校同安分校","2"
"东溪公园","2"
"闽篮生鲜超市(海沧嵩屿店)","2"
"聚鑫广场","2"
"日春茶业(观音山店)","2"
"厦门理工学院(经济管理学部)","2"
"佳佳福超市","2"
"GO购够商超","2"
"双丰超市","2"
"美宜佳(舜弘现代城店)","2"
"金鼎防水建材","2"
"厦门市同安区瀚星通讯器材店","2"
"振跃渔具店","2"
"春天双语幼儿园","2"
"鑫濠百货(郑坂店)","2"
"厦门多力葵花籽油代理商","2"
"泰之翔建材","2"
"同安贝佳佳幼儿园","2"
"迪西婴童有机奶粉(嘉园店)","2"
"艺新达自选超市","2"
"厦门南洋学院-C栋","2"
"华天便利店","2"
"胜世达五金机电","2"
"福鑫购物广场(黄庄店)","2"
"自豪春便利店","2"
"国际化妆品体验中心","2"
"兴华峰针车行","2"
"宝跃服装","2"
"长新隆商场","2"
"安特(厦门)箱包有限公司","2"
"厦门大学-生物学系","2"
"洪塘中学","2"
"和也健康睡眠","2"
"妆点美","2"
"华锋轴承油封","2"
"益佳缘超市","2"
"广俊酒庄","2"
"四云奶盖贡茶(万科里店)","2"
"奥飞斯电脑","2"
"厦顺电路空调(禾山路)","2"
"3M劳保批发配送中心","2"
"华晨汽车厦门信徳诚","2"
"嘉仕购平价超市","2"
"幼丽超市","2"
"豪胜意电脑城(郑坂店)","2"
"七匹狼","2"
"百汇超市","2"
"天虹商场(厦门海沧店）","2"
"爱诗音琴行","2"
"集美新星幼儿园","2"
"翔龙旺不锈钢","2"
"湘缘五金钻头批发部","2"
"立邦漆店(迈杰涂料商行)","2"
"晨光文具(杏北小学店)","2"
"旺宏厨具","2"
"百思办公家具","2"
"鑫汇购超市","2"
"青丝彩美发用品批发","2"
"福辉商场","2"
"同安电脑","2"
"小坪森林公园","2"
"明花鞋店","2"
"侨英街道浒井社区老年学校","2"
"la go go","2"
"同安家书精品店","2"
"鑫娜欣购物商场(市场店)","2"
"美宜佳(翔城国际店)","2"
"龙宫双语幼儿园","2"
"厦门市人民警察培训学校","2"
"五粮液专卖店(五缘湾店)","2"
"三荣陶瓷(翔安专卖店)","2"
"鑫强江车行","2"
"五缘实验幼儿园","2"
"海沧区吴冠幼儿园","2"
"千里马电动车","2"
"奋安铝型材不锈钢(杏林店)","2"
"厦门聚名汇五金机电","2"
"兔宝宝 健康饰材专卖店","2"
"智婴宝贝母婴生活馆","2"
"厦门五缘第二实验学校(东区)","2"
"福山茗茶","2"
"天瑞达五金·灯饰","2"
"海峡宝岛眼镜","2"
"百年木仓生态黑茶","2"
"贝米幼儿园","2"
"吉信果蔬店","2"
"忠泉床垫","2"
"嘉益名家具","2"
"厦门大学(翔安校区)-环境科学研究中心(纬二路)","2"
"华为授权体验店(新景街道店)","2"
"苏文超市","2"
"角美童星幼儿园","2"
"润德福厨具","2"
"BMWi天生电动","2"
"体育中心小学","2"
"云顶花卉中心","2"
"康桥双语幼儿园","2"
"厦门海洋职业技术学院-教学楼3","2"
"狂霸灯饰","2"
"美宜佳(橄榄树店)","2"
"多又好购物商场","2"
"泉缘茶庄","2"
"白金汉英语培训学校(湾悦城校区)","2"
"好孩子幼儿园","2"
"阿迪达斯专卖店","2"
"厦门好利来酒业","2"
"荣华日用百货","2"
"远景花卉","2"
"永佳福超市","2"
"期友建材","2"
"卓玥艺术舞蹈学校","2"
"同城四季幼儿园","2"
"日平超市","2"
"同安区祥桥小学","2"
"天林酒业批发","2"
"集美中学(尚南路)","2"
"锦园小学","2"
"七组农贸市场","2"
"富味鲜原味超市","2"
"台韵馨茗茶","2"
"智龙业铝合金不锈钢铁件","2"
"聚闲阁","2"
"童乐幼儿园","2"
"四叶草艺术幼儿园","2"
"坂美公园","2"
"索尼指定店","2"
"鑫龙五金水电批发","2"
"指精灵琴行","2"
"完美(高阳街)","2"
"集美大学-航海学院","2"
"蓝天超市","2"
"见福(0262翔云三路店)","2"
"安踏(海沧阿罗海店)","2"
"乐购汇优质连锁超市","2"
"私立幼儿园","2"
"振凯家具","2"
"喜盈门(厦门)建材家具广场顾客接送中心","2"
"厦门大学环境科学系","2"
"厦门大学(翔安校区)-海外教育学院","2"
"朝阳钢材市场","2"
"悦阳超市","2"
"五显中心幼儿园垵炉园区","2"
"棒棒糖托教中心","2"
"厦门理工学院-信息化用户服务部","2"
"厦门理工学院-7号实验楼","2"
"双居建材","2"
"农盛超市","2"
"超越科技电脑城","2"
"庄氏眼镜(阿罗海一店)","2"
"叶厝欢欢艺术幼儿园","2"
"周到电脑电器数码城","2"
"华天都(新村店)","2"
"东园小学","2"
"阿明车行","2"
"比酷文具(园博店)","2"
"集美大学轮机工程学院","2"
"海沧区明晨幼儿园","2"
"茗衣阁(林后店)","2"
"莱邦家具","2"
"迎客隆超市(顶许)","2"
"香聚友茶行","2"
"水电材料批发","2"
"亚陶卫浴","2"
"兴安五金","2"
"集旺达商场","2"
"集美工业学校","2"
"新世纪孕妇装","2"
"融信海上城见福便利店","2"
"衣邦人(厦门展厅)","2"
"厦门南洋学院-机电学院","2"
"美宜佳(宏大花园店)","2"
"恒瑞发五金店","2"
"台湾高粱酒","2"
"圣弘威服饰","2"
"博乐学校幼儿园","2"
"梧侣农贸市场","2"
"贝蓓乐托儿所","2"
"福建厦门海晟连锁(沧虹店)","2"
"盛鑫隆自选超市","2"
"厦门市第四幼儿园(塔埔分园)","2"
"美尚餐具","2"
"盛世源","2"
"明辉香茶行","2"
"花盆批发","2"
"三合佳建材","2"
"集美中学","2"
"海沧友文食杂","2"
"保生化工","2"
"宾码服饰","2"
"良菊窗帘布艺","2"
"乐润超市","2"
"汽车电池电路空调","2"
"长城不锈钢管批发","2"
"新景舜弘广场","2"
"鑫鹭佳超市","2"
"永峰隆超市","2"
"万家友购物","2"
"锦湖水暖电料","2"
"叶氏五金机电","2"
"龙海鸿渐中学","2"
"大俊达海湾商业城2期","2"
"迎客隆超市(同集北路辅路)","2"
"塔头幼儿园","2"
"路意花店","2"
"客家薄利生鲜水产","2"
"红太阳经典幼儿园","2"
"朝阳超市","2"
"美宜佳(同安银湖路店)","2"
"鑫宝鹭自选超市","2"
"欧尚窗帘","2"
"冠捷科技下庄便捷服务站","2"
"缘如来佛具","2"
"翔安区新店中心小学特教辅读班","2"
"厦门北辰山-小卖部","2"
"尚美嘉裕幼儿园","2"
"厦门理工学院-软件工程学院","2"
"同安辉华百货商场","2"
"以纯(阿罗海店)","2"
"鸿泰门窗不锈钢工程","2"
"猫猫兔童装","2"
"华荟极地美术","2"
"琪遇文具店","2"
"科泰电器批发","2"
"胜横灯饰卫浴","2"
"福睿超市","2"
"思雅阁烟酒茶行","2"
"橄榄树菜市场","2"
"赋育达龙池幼儿园","2"
"银联文教用品","2"
"鑫福万家超市","2"
"其兴幼儿园","2"
"红黄蓝国际幼儿园","2"
"华宾电讯","2"
"优石库石材","2"
"龙威钓具","2"
"厦门理工学院(集美校区)","2"
"翔那新超市","2"
"鑫华庭百货(西西小镇总店)","2"
"紫郁彤花艺","2"
"佳购生活超市","2"
"闽嘉联生鲜超市","2"
"云翔韵茶烟酒批发","2"
"振兴装饰部","2"
"联发家具","2"
"十指翘琴行","2"
"良艺烟酒茶行","2"
"兴雅都家具城","2"
"厦钢钢材批发场","2"
"厦门南洋学院-D栋","2"
"宏裕兴五金水暖","2"
"见福便利店(中海店)","2"
"机械与汽车工程学院","2"
"讦鲜水果特产批发零售","2"
"伸缩门电动门道闸铁皮","2"
"振舜五金装饰批发","2"
"银湖公园","2"
"新天地幼儿园(潘涂)","2"
"村仔","2"
"海洋职业技术学院-制冷空调综合实训中心","2"
"鸿轩茗茶(西塘西路店)","2"
"鑫晋锋五金水电","2"
"滨海幼儿园","2"
"青辰宫幼儿园","2"
"利民生鲜果蔬","2"
"集美区妇幼保健院","2"
"艺德立五金水电","2"
"源武鑫五金店","2"
"黄朝阳楼","2"
"厦门市同安祥平中心小学","2"
"荣升超市","2"
"劲霸特惠","2"
"山后张农贸市场","2"
"久久红生鲜超市","2"
"M植物馆","2"
"2697","2"
"新大地艺术幼儿园","2"
"农机供应站","2"
"台湾芒果批发","2"
"集美轻工业学校-教学楼","2"
"大益普洱茶(春江里店)","2"
"洁祥家具","2"
"海之星幼儿园","2"
"康醇酒业","2"
"桔木家具","2"
"海堤茶叶(马巷巷南店)","2"
"名动电脑","2"
"鑫宏居艺术玻璃体验馆","2"
"艺真烟花爆竹","2"
"绿源电动车(清波车行店)","2"
"乐宝贝幼儿园","2"
"小米授权体验店(厦门鑫旺欣杏林总店)","2"
"厦门市洪前中学","2"
"中央音乐学院鼓浪屿钢琴学校","2"
"轩城培训学校","2"
"侨语幼儿园","2"
"BOMC","2"
"爱家福超市","2"
"厦门市翔安职业技术学校-办公楼","2"
"衡安筛网","2"
"诺贝尔瓷砖(同安店)","2"
"成铭男装","2"
"新安小学","2"
"厦门市集美区爱绿幼儿园","2"
"国美电器(厦门永乐同安店)","2"
"溪韵茗茶","2"
"南安盐务局医院","2"
"厦门理工学院-逸夫楼","2"
"10T五缘音乐学校","2"
"万杰盛针车行","2"
"屈臣氏(海沧阿罗海店)","2"
"闽翔床垫","2"
"加实多超市","2"
"茂盛兴五金","2"
"宝岛眼镜(同安现代城店)","2"
"有朋乐茶庄","2"
"恩祺幼儿园","2"
"丰巢专柜","2"
"厦门同安同顺达劳保用品批发店","2"
"海溪渔具商行","2"
"广客隆超市","2"
"二期康园便利店","2"
"可爱学角美中心小学校区","2"
"同双平五金店","2"
"翔弘兴文具店","2"
"达鑫五金","2"
"泰嘉绝缘塑胶材料","2"
"鹏威隆石材","2"
"明都五金水暖","2"
"雅恩幼儿园","2"
"美宜佳(NO.f107)","2"
"AirMall","2"
"中信中手机城","2"
"农工商城","2"
"金成门窗","2"
"维悦电脑科技","2"
"乐欣幼儿园","2"
"林后中心幼儿园","2"
"银海鑫超市(大唐店)","2"
"艺健家具批发","2"
"蓓蕾培训学校(芸溪校区)","2"
"厦门海西职业技术学校中专部","2"
"鑫航电脑店","2"
"台湾空压机","2"
"阿翼烟酒茶","2"
"御花园花艺","2"
"福庆隆商场","2"
"厦门市新民中学","2"
"厦门大学(翔安校区)-生命科学学院","2"
"新民中心幼儿园(集银路)","2"
"隆泰商场","2"
"百贺商场","2"
"新圩亮晶眼镜","2"
"蔡尖尾山公园","2"
"集美大学印斗校区-北区-南门1","2"
"集美大学-教师教育学院","2"
"新东易幼儿园","2"
"耶鲁碧海蓝天幼儿园","2"
"林后菜市场","2"
"厦门市湖里区太古艺术幼儿园","2"
"翔创美门窗配件店","2"
"宜家装饰","2"
"厦门理工学院-实验楼1","2"
"沐程窗帘墙布","2"
"启明新电脑","2"
"厦门鑫诚金五金店","2"
"秀之平化妆品","2"
"悟侣大社里","2"
"体育用品","2"
"辉华购物","2"
"杭州叉车","2"
"厦门市翔安区新圩中心卫生院","2"
"厦门市五缘湾下忠学校中学","2"
"厦门市第二医院-急诊部","2"
"弗里吉亚琴行(大学康城店)","2"
"三Q福便利店","2"
"乐乐双语幼儿园","2"
"鼎盛百货","2"
"吉祥春茗茶","2"
"红丽嫁衣","2"
"惠中信五金建材","2"
"同安职业技术学校","2"
"厦门盼盼幼儿园","2"
"集美大学嘉庚校区-北区","2"
"湖边菜市场","2"
"同安兴国幼儿园(大溪地分园)","2"
"金门一条根","2"
"博乐阳光幼儿园","2"
"云顶便利店","2"
"嶝龙工艺","2"
"百乐佳超市","2"
"海珠宝商贸","2"
"百特陶瓷","2"
"多旺多购物中心","2"
"海娃幼儿园","2"
"祥和艺术幼儿园","2"
"景胜旺文具店","2"
"黄厝幼儿园","2"
"鑫富达机电五金工具","2"
"猫氏通讯器材店","2"
"厦门理工学院-实验楼2","2"
"嘟嘟百货","2"
"台湾超市","2"
"宝胜电线电缆","2"
"小李一次性餐具批发","2"
"匹克楼","2"
"王者陶瓷","2"
"芗客隆超市","2"
"金星水族","2"
"阿罗海购物中心","2"
"嘉奇小学","2"
"盛鑫隆生鲜超市","2"
"海虹社区居民大学","2"
"海西花鸟城","2"
"北京师范大学厦门海沧附属学校(北)-冠军楼","2"
"佳友超市(城东店)","2"
"欣宏塑水暖灯饰","2"
"艺东石材","2"
"优优文具店","2"
"李宁(湖里万达广场店)","2"
"六桂福珠宝(同安店)","2"
"双丰商场(英瑶路)","2"
"欧钛欧式不锈钢","2"
"西井家具","2"
"北京师大厦门海沧附属学校","2"
"福万家超市(高林店)","2"
"多齐电缆商城","2"
"囍花花店","2"
"蓓蕾培训学校-美术展览厅","2"
"印华真皮鞋店","2"
"宏福五金交电(前中路)","2"
"集美金指南文创幼儿园","2"
"厦门市宝来家居有限公司","2"
"鸿远门窗","2"
"灿坤学院","2"
"复旦大学附属中山医院厦门医院","2"
"集嘉兴钢材","2"
"众视力眼镜(建南路)","2"
"茶铺","2"
"龙凤飞石材","2"
"宇航不锈钢制作","2"
"来锁食品店","2"
"宝岛视光","2"
"佰叶香","2"
"小镇窗帘·墙纸","2"
"天天好超市(何厝小区西南)","2"
"快捷便利超市","2"
"角美新港市场","2"
"鑫盛辉超市","2"
"振望茗茶","2"
"同安区益赞烟杂","2"
"法兰琳卡艺凡日化连锁店","2"
"温馨双语幼儿园","2"
"爱钓鱼渔具店","2"
"毅红网吧第一幼儿园","2"
"金中华购物广场","2"
"厦门市集美区兑山小学","2"
"厦门承宏家具厂","2"
"万福来超市(春光路)","2"
"样样红超市(春光路)","2"
"HUAWEI","2"
"宜佳地毯","2"
"万世辉家具城","2"
"五常稻花香大米","2"
"飞翔艺术幼儿园","2"
"同安春雨幼儿园","2"
"海沧区职业中专学校","2"
"特百惠","2"
"众库仓储式便利店(中海锦城店)","2"
"新概念儿童学园","2"
"北京师范大学厦门海沧附属学校(北)","2"
"金金幼儿园","2"
"天虹商场(厦门君尚店)","2"
"蒙地卡罗陶瓷","2"
"大风车幼儿园","2"
"阿信旧货市场","2"
"无印良品(厦门宝龙一城店)","2"
"三佳电脑城","2"
"鸟箱海晟维多利亚2号","2"
"易好通讯","2"
"葵发阁","2"
"厦门宏万宝石业展厅","2"
"祺美柔母婴生活馆(郑坂店)","2"
"光华门窗","2"
"仙谷峰茶行","2"
"大乐福便利店","2"
"久发电器","2"
"金永诺汽保工具设备","2"
"东区建材","2"
"市尾路口","2"
"腾翼琴行","2"
"丽真文具(三秀店)","2"
"佳珺烟酒","2"
"夏商民兴超市(高林店)","2"
"亿米女装时尚店","2"
"德华·神州绿野(厦门翔安店)","2"
"家玲超市","2"
"银海幼儿园","2"
"鑫丰硕轴承油封","2"
"飞特手机城(围里旗舰店)","2"
"宝岛眼镜(厦门海沧未来海岸店)","2"
"小太阳幼儿园(嘉园路)","2"
"周林和酒业","2"
"春莲超市","2"
"旺来汽车电路空调电池","2"
"阿滨超市","2"
"全兴瓷砖批发中心","2"
"诚毅幼儿园","2"
"大地渔具","2"
"晓周酒业","1"
"欧尚超市(315乡道店)","1"
"金牛管业(兴聪德五金水暖)","1"
"福柜家居","1"
"乐乐鲜果店","1"
"郑坂小学","1"
"翔安校区学生事务办理大厅","1"
"永福购物商场(钟宅店)","1"
"集美大学诚毅学院-信息工程系","1"
"同安绿叶形象店","1"
"贝贝家睛星幼儿园","1"
"厦门大学(翔安校区)-医学院","1"
"铃木豪爵(厦门裕承总经销马巷分店)","1"
"东诚食品批发","1"
"好多多生鲜超市","1"
"小胡子童装","1"
"鑫美水果园","1"
"瑞鑫双语幼儿园","1"
"817超市","1"
"集银粮油批发","1"
"衣情缘(厦门分店)","1"
"质诚电器","1"
"金博水岸幼儿园","1"
"福建华夏高级技工学校(第二校区)","1"
"永隆顺贸易","1"
"才凤食杂","1"
"大拇指双语幼儿园(凤岗分园)","1"
"小天地母婴生活馆","1"
"闽星空压机","1"
"厦门市集美区杏北红橡树幼儿园","1"
"华清花卉","1"
"精灵文具店","1"
"清辉食杂店","1"
"马巷中心幼儿园","1"
"东方红幼儿园","1"
"聚堂工艺家具","1"
"点点爱","1"
"福建新宝去哪儿专车","1"
"谛造暖场道具(翔安点)","1"
"宝光眼镜(五缘湾店)","1"
"百果园(厦门鑫海湾店)","1"
"鸿诚达粮油","1"
"天客隆便利店","1"
"霞光佛具店","1"
"新源小学","1"
"梅方五金店","1"
"瑞丰里商业广场","1"
"五州福茶叶店","1"
"鲜柚多果蔬连锁超市(橡树湾店NO:003)","1"
"欧蓓拉母婴用品店","1"
"艾佳幼儿园","1"
"厦门礼物","1"
"世明福冷冻食品","1"
"蔚蓝安家","1"
"印度洋瓷砖","1"
"美宜佳便利店(大湖公寓西北)","1"
"康馨幼儿园","1"
"厦门市集美区康德小学","1"
"新华都购物广场(角美店)","1"
"福联超市","1"
"鑫日日服装店","1"
"建盈不锈钢铁件制作","1"
"光华双语幼儿园","1"
"得意电脑","1"
"通达五金店","1"
"恒客隆超市","1"
"阿进电器","1"
"同美农贸综合市场","1"
"厦门市集美区安仁小学","1"
"小太阳幼儿园","1"
"小琳数码","1"
"辉宇照明","1"
"名立雅淋浴房","1"
"安加五金批发","1"
"集美大学-工程技术学院","1"
"裕福茗茶","1"
"厦门大学(翔安校区)-文宣楼","1"
"盛鑫隆超市(祖妈路)","1"
"芝华仕头等舱沙发","1"
"兄弟汽车用品批发","1"
"地磅便利店","1"
"杏林中心幼儿园(高浦路)","1"
"见福便利店(嵩屿社店)","1"
"叶厝市场","1"
"欧标劳保用品","1"
"文清食杂商场","1"
"汗马调味料批发配送中心","1"
"厦门市同安区大同中心幼儿园","1"
"集美大学诚毅学院-景祺楼","1"
"汇鲜物生鲜超市(古龙御景店)","1"
"厦门市翔安区翔龙鱼动水族馆","1"
"兴源超市","1"
"楼梯扶手","1"
"鑫凯晟建材","1"
"新霞小学","1"
"梦幻之旅主题花店","1"
"福建厦门北方中原农副产品直销处","1"
"浒井欢欢幼儿园","1"
"鑫顺和超市","1"
"吴进花超市","1"
"米斯红花店","1"
"鹭光眼镜","1"
"叙锋超市","1"
"德旺福超市(灌口店)","1"
"源香水产品批发市场","1"
"同安西柯镇洪塘头绿茵美水果店","1"
"梦宇家超市","1"
"宝宝乐园四口圳店","1"
"珍新食品闽南果蔬批发市场专卖店","1"
"嘉昌龙果蔬批发","1"
"乌涂菜市场","1"
"长新隆商场凤南分店","1"
"厦门市凤南中学","1"
"鑫诚杰五金","1"
"樱花轮胎修理自行车","1"
"文书百货","1"
"兴龙便利店","1"
"美尔惠超市(梧侣店)","1"
"固美不锈钢铝合金","1"
"尚豪嘉双语幼儿园","1"
"庆佳茗茶","1"
"兰兰泳装","1"
"禄通车行","1"
"科翔壁纸","1"
"沧朗珠宝","1"
"起辉超市","1"
"闽台特产","1"
"添行健","1"
"文书香文具","1"
"阿发百货超市","1"
"多旺多超市","1"
"德歌酒业(后溪中秋街)","1"
"国仪科学仪器","1"
"鑫华联超市(火炬东路)","1"
"星光文具店","1"
"鑫兆宏钢材批发","1"
"华侨大学-万川行政大楼","1"
"雅真鞋行","1"
"鑫百信电脑","1"
"永福超市(高崎新村店)","1"
"乔丹海西中心","1"
"夯实教育补习学校","1"
"兴禾盛玻璃配件不锈钢配件","1"
"禹帝水产龙虾专卖店","1"
"兴铭福五金店","1"
"集美区双湖幼儿园","1"
"晴星幼儿园","1"
"海沧油画村艺术品交易中心","1"
"启稚幼儿园","1"
"捷博电动车(后溪中秋街)","1"
"顺和商场(梧侣店)","1"
"惠民红木古典家具","1"
"城市佳人(春光路)","1"
"国酒茅台(海沧大道专卖店)","1"
"金明家具城","1"
"爱玛电动车(沧虹路店)","1"
"焱欢便利店","1"
"英村幼儿园","1"
"集美大学诚毅学院-林树哲楼","1"
"王雪丽果蔬店","1"
"集美幼儿园(盛光路)","1"
"嘉乐幼儿园","1"
"阿兵酒水批发","1"
"领鑫模具钢材","1"
"三榕公园","1"
"佳加惠超市","1"
"灿丰五金","1"
"小伟电脑","1"
"大器楼","1"
"和协酒业","1"
"新业百货","1"
"集美大学诚毅学院(北区)","1"
"申力轩文体用品","1"
"厦门市第五医院-5号门诊医技综合楼","1"
"厦门兴启鸿超市","1"
"厦门市同安区西塘小学","1"
"星航五金店","1"
"宏森达木材批发部","1"
"斌翔华五金配件店","1"
"基民五金店","1"
"棋美柔孕婴生活馆","1"
"塔头五金","1"
"五通泥金鸿杰斯车行","1"
"义乌小商品新天地","1"
"美宜佳(古龙御景店)","1"
"野钓渔具店","1"
"鑫毅翔厨具批发","1"
"启兴双语幼儿园","1"
"厦门九虹门业","1"
"智发家具","1"
"厦门市五缘第一幼儿园","1"
"新民中心小学","1"
"仟佰惠","1"
"叉车总汇","1"
"宝嘉体验用品店","1"
"良民堂","1"
"哥莱尔艺术涂料","1"
"蔡林幼儿园","1"
"正泰电器","1"
"吉多奥尼家具","1"
"六一幼儿园","1"
"雅阁时尚女装","1"
"又见鼓浪屿","1"
"鑫锦旺食杂","1"
"锐捷电脑(角海路店)","1"
"乐宝贝双语幼儿园","1"
"亿丰购物商场","1"
"澳杰展示","1"
"吉祥惠众超市","1"
"康桥美术培训基地画室","1"
"语洋便利店","1"
"厦门市同安区宜家美铝合金加工店","1"
"金摇篮幼儿园","1"
"五缘湾湿地公园","1"
"丹奴家具","1"
"鸿红服饰","1"
"春江便利店","1"
"多惠隆食杂","1"
"涵家茶业","1"
"鑫永福超市","1"
"人和旺百货超市(梧侣店)","1"
"厦门市同安区华南幼儿园","1"
"欣吉运超市(二店)","1"
"厦门市刘五店中学","1"
"金塔五金水暖","1"
"热海城市购物广场","1"
"东方灌口建材","1"
"远隆食杂","1"
"精丰铁艺","1"
"集美下蔡社江海便利店","1"
"集美大学诚毅学院-体育与艺术系","1"
"厦门市第五医院-3号综合大楼","1"
"鸿达五金","1"
"福庆隆姐妹超市","1"
"安踏(同明路店)","1"
"世纪名流生活超市","1"
"永辉瓷砖批发","1"
"凤南水果店","1"
"豪美嘉生态石","1"
"惠佳旺水果","1"
"易捷便利店(集贤路店)","1"
"厦门·阿唯得","1"
"东方剑桥岳口幼儿园","1"
"蓉声电器","1"
"厦门市第二外国语学校","1"
"金永旺家具","1"
"五显中心幼儿园","1"
"翔客隆超市","1"
"乐万嘉便利店","1"
"宝岛眼镜(成功大道店)","1"
"兴盛冷冻食品批发零售","1"
"禹丞工坊钓具","1"
"甜里幼儿园","1"
"龙岩路达水泥总经销","1"
"昊斯金属集成吊顶","1"
"众星商行","1"
"化学试剂玻璃仪器","1"
"厦门市翔安区蓝湾一禾幼儿园","1"
"厦门大学(翔安校区)-成智楼","1"
"翼蓝","1"
"家具店","1"
"富百康烟酒茶批发","1"
"西塘单车馆","1"
"鹭信隆超市","1"
"小猴子","1"
"洪淑云便利店","1"
"溪长便利店","1"
"美尚美妆","1"
"鑫汇丰针车行","1"
"诚和烟杂批发店","1"
"华文学院","1"
"佳和发五金水电经营部","1"
"丽得隆超市","1"
"亿佳超市(钟宅分店)","1"
"村仔农贸购物中心","1"
"亿丰超市(四口圳店)","1"
"集锦顺五金店","1"
"兴博兴灯饰水暖","1"
"龙勋幼儿园","1"
"春香水果店","1"
"红果果幼儿园","1"
"万黛兰化妆美甲美容纹绣培训学校(翔安分校)","1"
"亲亲宝贝幼儿园(舫山东二路)","1"
"松闽超市","1"
"嘉裕新五金","1"
"调频时尚家居","1"
"苏氏百货商场(涌泉店)","1"
"同安区祥平街道社区卫生服务中心","1"
"陈德祥农机商店","1"
"亿丰手机城(下蔡店)","1"
"老余加工部","1"
"腾达五金水暖经营部","1"
"闽南农副产品物流中心","1"
"丹诏宏伟兽药","1"
"百果园(中航城店)","1"
"万家缘超市","1"
"深里食杂店","1"
"岳阳通钢材","1"
"简爱家装","1"
"心宿美国际彩妆美甲艺术学院","1"
"乾和电脑","1"
"样样红超市","1"
"福庆隆超市(环珠路)","1"
"莲花尚院-小金星幼儿园","1"
"厦门新东方烹饪学校","1"
"嘉美电动车专卖部","1"
"厦门南洋职业学院","1"
"三辉消防","1"
"居家宝家具","1"
"景仔食杂店","1"
"黑龙江优质大米粮油批发零售","1"
"好运佳生鲜超市批发兼零售","1"
"船木家具厂","1"
"中九卫视商城","1"
"高林菜市场","1"
"家惠超市批发","1"
"福建鸿源技术学校","1"
"漳州市第五医院","1"
"大智慧沉香香道","1"
"鑫桐烟酒食杂批发","1"
"宏宇陶瓷","1"
"福鑫电讯","1"
"宏发电器批发零售","1"
"向阳幼儿园","1"
"志敏径学幼儿园","1"
"卢戆章公园","1"
"观奇洋服","1"
"厦门大学能源化工研究中心","1"
"广东华洋电缆","1"
"皇雅水暖阀门批发","1"
"日意便利店","1"
"丰顺百货(翔安店)","1"
"慈恩幼儿园","1"
"集美大学诚毅学院-经济系","1"
"宜惠佳超市(四口圳店)","1"
"雪儿坊化妆品专卖店","1"
"厦门大学(翔安校区)-曾宪梓楼","1"
"美尔惠超市(集秀路)","1"
"方太","1"
"福源茶业","1"
"东海小学","1"
"李民超市","1"
"乐哈氏精品超市","1"
"洋兰花店","1"
"四口圳幼儿园","1"
"莲河加温车行","1"
"大华家纺(同安旗舰店)","1"
"厦门市航海技术学校","1"
"万客来购物(巷北店)","1"
"综艺通讯","1"
"厦门市同安春兴消防器材供应站","1"
"厦门市高级技工学校(浦尾路)","1"
"友傢超市","1"
"金耐龙不锈钢剪折弯加工厂","1"
"园林绿化花鸟果蔬市场","1"
"卡瓦依钢琴专卖店","1"
"墨优笔文具","1"
"华兴美容彩妆培训学校","1"
"好利购便利店","1"
"鑫华润五金店","1"
"古龙酱文化园","1"
"恒叶尚品茶行","1"
"周到电脑城","1"
"见福便利店(天御花园店)","1"
"金中原电制冷配件商行","1"
"德辉生鲜超市","1"
"欣盛办公","1"
"见福便利店(古龙御园店)","1"
"欣盛隆便利店","1"
"名扬中小学补习","1"
"富宁钢材海留建材经营部","1"
"洪兴进超市","1"
"正鑫超市","1"
"曾源茶庄","1"
"厦门市集美区三社小学","1"
"月美池公园便利店","1"
"佳浴陶瓷","1"
"菁菁荷畔草","1"
"源兴顺阀门五金","1"
"新店中心小学","1"
"四季顺兴门业","1"
"厦门市金安小学-启真楼","1"
"厦门外国语学校海沧附属学校","1"
"兴宏驰钢材批发中心","1"
"集中购物中心","1"
"梧侣社区综合菜市场","1"
"吉事达家具","1"
"雅豪家居","1"
"文心小学","1"
"厦门市公安局新民派出所梧侣学校驻勤点","1"
"厦门市精英培训学校","1"
"星光幼儿园","1"
"永盛达超市","1"
"见福美地雅登店","1"
"永梅机电商场象屿本部","1"
"萃英公园","1"
"屈臣氏(君尚店)","1"
"翔远鸿百货","1"
"新兴建材行","1"
"参禅佛具","1"
"绿丰电动车","1"
"福瑞精品超市","1"
"静兴缘超市","1"
"德慧轩书店","1"
"立邦漆","1"
"优看商业广场","1"
"尚品茗茶","1"
"通士达照明","1"
"三顺购物中心(三社店)","1"
"天福茗茶(高浦路店)","1"
"福建省厦门第二中学(惠灵顿路)","1"
"柯红卫文具","1"
"九牧幼儿园","1"
"建筑机械","1"
"恬炘窗帘","1"
"厦门海沧实验中学-至诚楼","1"
"杏北小学","1"
"厦门山科电脑","1"
"新旧二手办公家具批发","1"
"恒博达家具城","1"
"胜春超市","1"
"绿视野花卉","1"
"泉发超市","1"
"海利不锈钢管(厦门店)","1"
"水星家纺(NO.3868店)","1"
"迷你狗","1"
"厦门大学(翔安校区)-国际学院","1"
"角美永兴家具","1"
"乐海城市广场","1"
"橙灰黄便利店(中航城店)","1"
"圆梦源孕婴生活会馆","1"
"华隆超市(围里店)","1"
"永昇五金机电商行","1"
"浒茂酒业","1"
"厦门纤艺国际培训学校","1"
"厦门北辰山-商店","1"
"厦门理工学院-教学楼1","1"
"劳保批发","1"
"顶许亮晶晶幼儿园","1"
"萃英红苹果园","1"
"天翔艺术幼儿园","1"
"七彩堂","1"
"欧尚便利店","1"
"紫妍化妆品","1"
"尚好德卫浴","1"
"杏西菜市场","1"
"塔头超市店","1"
"育青小学","1"
"翔安区星光幼儿园","1"
"福宾超市","1"
"新东方眼镜","1"
"欧琳水槽,电器批发部","1"
"爱玛电动车(马巷巷西路店)","1"
"北汽黑豹(厦门)总经销","1"
"芳鑫翔文具","1"
"红梅城红木家具","1"
"贝贝屋母婴生活馆","1"
"响响琴行","1"
"梧侣贝怡幼儿园","1"
"乐美丰百货(西亭店)","1"
"宝隆智慧超市","1"
"小易门窗店","1"
"佑鑫食贸","1"
"乐客商店","1"
"厦门市鑫鑫双语幼儿园","1"
"隆平五金水电","1"
"兴隆旺超市","1"
"永利群粮油","1"
"汀溪中心小学","1"
"柑岭农贸市场","1"
"思拓软包","1"
"英海威电脑店","1"
"戴云日杂五金店","1"
"汇润五金商店","1"
"集美大学诚毅学院-教学楼","1"
"星星幼儿园","1"
"芙蓉兴盛便利超市(富民乐副食店)","1"
"鑫佳福乐生鲜超市凤南店","1"
"龙福茶具","1"
"鑫鹏达购物商场","1"
"佳富鑫生鲜超市(乌涂店)","1"
"佳乐超市","1"
"绿娇兰茶叶批发","1"
"瑶头小学","1"
"东南湾家具城","1"
"陈金盛五金店","1"
"厦门海沧实验中学-弘德楼","1"
"老忠批发","1"
"晨凌幼儿园","1"
"168便利店","1"
"厦门南洋学院-B栋","1"
"峻隆鑫建材经营部","1"
"香港金六福珠宝","1"
"鹭银海超市(厦大店)","1"
"善食益生生鲜店","1"
"惠德富食品","1"
"鑫福万家超市(角海路店)","1"
"富如电脑培训学校(同安校区)","1"
"康德幼儿园","1"
"耐奇运动装","1"
"家舒家具淘宝体验馆","1"
"佳佳窗帘","1"
"厦门市海沧区豫蒲鑫起重设备经营部","1"
"五显镇文化技术学校","1"
"vivo","1"
"华鑫便利店(厦门枋湖店)","1"
"阳光文具店","1"
"晨晖幼儿园","1"
"阳光小学","1"
"萤火虫主题公园","1"
"厦门市马巷供销社","1"
"CST正新精品专卖","1"
"海豹汽车电路空调","1"
"海韵琴行(平阳里小区店)","1"
"集美大学诚毅学院-机械工程系","1"
"辰景幼儿园","1"
"乐安中学","1"
"东山幼儿园","1"
"厦门市翔安区乖治幼儿园","1"
"厦门市第五医院","1"
"厦门市翔安区西坂小学","1"
"四口圳菜市场","1"
"后许小学","1"
"四季鲜生鲜","1"
"佳事隆超市","1"
"天翼智慧家庭体验卖场","1"
"金典门业","1"
"佳德心服饰","1"
"玲珑佛具家具","1"
"永宁家具店","1"
"富兴超市","1"
"蓝天幼儿园(灌南中路)","1"
"莲花医院莲河总院-万福来超市","1"
"大地幼儿园","1"
"郑秀敏五金店","1"
"新圩第一中心幼儿园","1"
"鑫信衡电子称","1"
"金天桥幼儿园","1"
"小方批发","1"
"枕边密语成人用品","1"
"未来之星幼儿园(舫山东二路)","1"
"敬贤公园","1"
"送爱到家超市","1"
"哥利来服饰","1"
"金太阳幼儿园(凤山路)","1"
"新阳学校","1"
"小禾苗教育祥平托管班","1"
"优梦诗床垫","1"
"美廉购生活连锁超市","1"
"濠翔五金石材工具","1"
"汉阳达厦门风头社2号店","1"
"佳家人生鲜超市","1"
"藏青阁文具店","1"
"博晖幼儿园","1"
"旭日生鲜超市 桐梓店","1"
"福隆灯饰卫浴批发","1"
"天德连锁商场","1"
"惠得乐精选超市(中航城社区店)","1"
"兴业水电五金批发","1"
"泉众馨布艺·墙纸","1"
"昆仑好客(中航城国际社区西北)","1"
"土木工程学院学科实验大楼","1"
"铭淑服装店","1"
"康桥·红橡树幼儿园","1"
"辉浦照明","1"
"华雅建材城","1"
"同安区金宝贝幼儿园","1"
"乐家购生鲜超市","1"
"西德建材商行","1"
"梦雅皮鞋","1"
"厦门市集美区英贤学校(天英路)","1"
"诚缘超市","1"
"五通灯塔公园","1"
"地磅24小时","1"
"监利小超市","1"
"聚贤达劳保百货批发","1"
"集美大学新校区-集诚楼A","1"
"河新百货店","1"
"凯迪仕智能锁","1"
"厦门同安清革兽药店","1"
"闽鑫超市","1"
"厦门市集美区乐海小学","1"
"古船木家具厂","1"
"宝贝阁母婴用品","1"
"宜佳缘超市","1"
"鑫露超市","1"
"翔安马巷第二中心幼儿园","1"
"厦门美美幼儿园","1"
"厦门市海西职业技术学校(新店镇)","1"
"永惠超市","1"
"汇英幼儿园","1"
"金色悦城便利店","1"
"得利男装","1"
"旺百汇超市(橄榄树店)","1"
"格力","1"
"盛超石材","1"
"美佳欣","1"
"全美家家具城","1"
"钢结构紧固件手套批发","1"
"金海盛超市","1"
"意达五金商行","1"
"贸顺五交","1"
"鹭新隆超市","1"
"茶屋茶叶店","1"
"兰园发便利店","1"
"安兜幼儿园","1"
"浩哲幼儿园","1"
"洪塘头菜市场","1"
"深深蓝电脑","1"
"钟山学前班","1"
"爱好文具(西塘乐同店)","1"
"西塘幼儿园同安新民学区","1"
"木十月花室","1"
"福缘佰佳超市","1"
"可丽爱水族生活馆","1"
"巨峰超市","1"
"祥商兴便利店","1"
"龙岩技师学院(厦门校区)","1"
"水根水暖","1"
"美利达(东孚专卖店)","1"
"永惠购物(内林店)","1"
"台铃电动车专卖店(上李店)","1"
"坤旺超市(泥金路)","1"
"晨希幼儿园","1"
"叶叶自选","1"
"孙厝社区居委会-老年学校","1"
"乐家缘便利店(古龙御景店)","1"
"河东龙铝材","1"
"步步昇超市","1"
"翔佳庆便利店","1"
"鑫诚客超市","1"
"围里社区食品市场","1"
"小苏超市(围里店)","1"
"厦门市海沧区东孚学校","1"
"特丽浓树脂瓦","1"
"厦门湖里安兜医院","1"
"厦航学院","1"
"五显中心小学","1"
"鑫海湾超市","1"
"衣恋衣生","1"
"深蓝电脑","1"
"喜鹭缘购物(柑岭店)","1"
"厦门南洋学院-A栋","1"
"金鹭佳超市","1"
"裕中螺丝螺母","1"
"东风花店","1"
"昌泽茶庄园","1"
"大疆南北","1"
"锦亭幼稚园","1"
"阳光购物商场","1"
"旺达门窗","1"
"德安幼儿园","1"
"海沧幼儿园","1"
"如意蛋品","1"
"永惠一次性用品批发零售","1"
"龙池生鲜购物广场","1"
"妙霞婚嫁用品商店","1"
"美宜佳(同美店)","1"
"漳州百花村川鹏花卉","1"
"燕子便利店","1"
"厦门诚义佳家具厂","1"
"飞鸽自行车厂家直销","1"
"沙美公园","1"
"鑫潮美装饰材料店","1"
"华视眼镜(沧虹路店)","1"
"迅捷顺精品水果店","1"
"煌灿超市","1"
"城东开心幼儿园","1"
"锦贸百货","1"
"火城水果店","1"
"雄源茶叶批发中心","1"
"圳批发","1"
"厦门大学(翔安校区)-成义楼","1"
"笑哈哈","1"
"实建建材","1"
"箐英幼儿园","1"
"八马茶业","1"
"雷声吊顶","1"
"荣同涂料大全","1"
"飞旺天花吊顶","1"
"Lenovo","1"
"金皇冠艺术幼儿园","1"
"心奇乐文具","1"
"闽篮城市广场","1"
"青华双语幼儿园","1"
"家美超市","1"
"万家便利店","1"
"淮淮香花坊","1"
"厦门海沧海鑫德利五金店","1"
"欧美特卫浴","1"
"三振生鲜超市(NO.7)","1"
"鑫德胜五金日杂店","1"
"轩轩副食品商店","1"
"喜永发木业装饰建材","1"
"丽辉美容美发用品","1"
"厦门小星星双语幼儿园","1"
"翔佰惠超市","1"
"大拇指幼儿园","1"
"乐家卫浴直营店","1"
"厦门市舒成五金机电批发(象屿店)","1"
"海翼幼儿园","1"
"聚家便利店","1"
"固醇烟酒行","1"
"宝贝驿站","1"
"剑桥双语幼儿园","1"
"鹭航生活超市(中航城店)","1"
"万福隆超市","1"
"康乐佳运动公园","1"
"青苗琴行","1"
"新鹭化工(勤鹭店)","1"
"集美区雅特豪石材加工店","1"
"厦门市同安区成龙幼儿园","1"
"康健运动陶瓷","1"
"美宜佳(F092店)","1"
"迦南生鲜超市","1"
"沃特罗伦(WaterRower)","1"
"华侨幼儿园","1"
"深创电脑城","1"
"广东永利坚铝材厦门营销中心","1"
"富来宝家具(灌口店)","1"
"惠民利生鲜超市","1"
"默凡便利","1"
"集美区锦兴粮油饲料经营部","1"
"佳果园","1"
"格蓝尼君尚馆","1"
"阿交机电","1"
"李隆五金店","1"
"乐海家具城","1"
"滨海钓具","1"
"欣星达五金","1"
"英村小学","1"
"联众家具城","1"
"恒熙名酒","1"
"成人用品","1"
"佳家富超市","1"
"富达螺杆式空压机","1"
"五缘五金水电","1"
"特选家具","1"
"豪迈服装城","1"
"来来购生活超市","1"
"金礼车行","1"
"亿缘烟酒行","1"
"西柯格力樱花","1"
"伴月闲香业","1"
"鑫华联超市","1"
"添日食杂店","1"
"蓝翔幼儿园","1"
"闽王广场","1"
"利民购物广场(杏西店)","1"
"翔友福超市","1"
"厦门市康桥外国语小学","1"
"杏北购物广场","1"
"晨光文具(英贤小学店)","1"
"集美大学诚毅学院-孙嘉槌楼","1"
"好慷在家","1"
"东坑双语幼儿园","1"
"鑫佳乐五金日杂店","1"
"万仟堂(T4机场店)","1"
"卓雅筛网经销处","1"
"俊风电脑","1"
"厦门国家会计学院","1"
"钓客渔具","1"
"钟山农贸市场","1"
"利佳超市(永泰路)","1"
"蔓萝花","1"
"丰昌饲料","1"
"耀鑫车行","1"
"普及农资","1"
"中国移动手机专卖店(旺利通店)","1"
"宏兴家具","1"
"铭达铝材经营部","1"
"新视野眼镜(围里店)","1"
"鑫鑫华乐建材","1"
"大轮山","1"
"厦门南洋经济管理学院","1"
"厦门市新圩中学","1"
"桐堂书社(上李店)","1"
"福家佳生鲜超市(杏北分店)","1"
"兑山幼儿园","1"
"Me LAND儿童成长乐园","1"
"石塘社区卫生服务中心","1"
"冠鑫翔门业","1"
"智慧佳文具","1"
"小江铁皮房不锈钢防盗网","1"
"百家电器","1"
"利安门业","1"
"宏达连锁超市","1"
"同安闪亮幼儿园","1"
"艺特卫浴","1"
"月美池公园","1"
"瑞智雅眼镜","1"
"蓝达电脑城","1"
"同安区梧侣幼儿园","1"
"莲花卫生院","1"
"学数无界教育培训学校","1"
"华泰钢材","1"
"华隆商场","1"
"西柯中心卫生院","1"
"智慧星电脑","1"
"小向百货","1"
"新时尚家具","1"
"小自然自选超市","1"
"福家百货(翔海路)","1"
"方芳利小卖部","1"
"厦门莲花医院(莲河总院)","1"
"天世成二手仓储市场","1"
"厦门市集美区贝贝幼儿园","1"
"如临手机城","1"
"童之梦幼儿园","1"
"鑫鹭信高林购物中心","1"
"忆家人超市","1"
"盛发五交化商店","1"
"培炜副食品店","1"
"四川惠好粮油批发","1"
"富兴购物(西塘店)","1"
"四季鲜果疏店","1"
"福家佳购物广场","1"
"希子幼儿园","1"
"闽翔捷晨光文具","1"
"水果超人","1"
"永鑫隆超市","1"
"海沧区东孚镇小天鹅幼儿园","1"
"海阳隆自选商场","1"
"越一茶具","1"
"联辉超市","1"
"上海华星套丝机械专卖店","1"
"芥茉服装批发","1"
"鹭诚达购物广场(杏北店)","1"
"庚荃汇生鲜超市","1"
"厦门市海沧街道海沧区海沧社区卫生服务站","1"
"步步高水泥","1"
"惠茗食杂店","1"
"蒙特锐建材","1"
"西西小镇超市","1"
"咿呀母婴坊","1"
"厦门市同安区妇幼保健院","1"
"集侒顺生活超市","1"
"同安集中区医院","1"
"鸿伟超市","1"
"永盛购物","1"
"水果范经营部","1"
"凤银食杂便利店","1"
"华侨大学-陈明金大楼","1"
"尚尔佳购物广场杏林店","1"
"绿盛源水果","1"
"视贝(智能电器)","1"
"百果园(宁宝花园店)","1"
"水当当新娘装","1"
"中国移动手机专卖店(锦伊店)","1"
"集美幼儿园-养正楼","1"
"翔华车行","1"
"美信佳超市","1"
"怡兴茶行","1"
"同意新生鲜超市","1"
"惠佳美整体家具","1"
"云光电脑学校","1"
"童心幼儿园","1"
"旺角超市","1"
"聪龙五金机电","1"
"禾满家","1"
"翔安区后埔小学","1"
"文弟平价超市","1"
"苏颂公园","1"
"金俐盛门窗","1"
"家之美窗帘 墙纸 壁画","1"
"德力文具店","1"
"厦门市金安小学-育真楼","1"
"鑫诚信粮油食杂批发","1"
"顺和商场","1"
"厦门大学翔安校区-护理学院","1"
"才师家具城","1"
"建福水泥特约经销商(新店店)","1"
"多佳宜休闲购物","1"
"鼎尚卫浴","1"
"沪佳食品","1"
"钊飞干货调味店","1"
"小源电脑","1"
"统艺仿石漆","1"
"百家惠社区超市","1"
"广盛远百货(西亭店)","1"
"梧侣学校","1"
"宝河烟酒","1"
"锦昌家具","1"
"天天来生鲜超市","1"
"福万家超市(集美区城市管理行政执法局后溪执法中队西南)","1"
"集美区利民幼儿园","1"
"远途汽车漆批发调色","1"
"象屿五金机电物流中心5号楼","1"
"豫鑫手机城(下土楼路店)","1"
"尧盛玻璃","1"
"小精灵幼儿园","1"
"清心茶叶","1"
"厦门理工学院-教学楼2","1"
"裕信达生鲜超市","1"
"洪厝公园","1"
"统一电池","1"
"蓓蕾培训学校","1"
"翔鑫烟酒商行","1"
"小叮当幼儿园","1"
"新泰都五金百货店","1"
"同福旺超市","1"
"鑫尖山茶行","1"
"建团家具店","1"
"爱购超市","1"
"百姓家园购物广场","1"
"汇鲜果蔬","1"
"小鱼儿幼儿园","1"
"谢章溪副食品店","1"
"翰林幼儿园","1"
"爱比比母婴用品(上李店)","1"
"兴富兴超市","1"
"集美大学-孙嘉槌楼","1"
"集美大学附属中学","1"
"民兴电缆(全国连锁钟宅店)","1"
"格格吉祥","1"
"祥跃商场","1"
"艾乐思小镇幼儿园","1"
"吉利宝建材","1"
"海沧区卷烟厂","1"
"后郭智慧生活超市","1"
"水果园","1"
"爱尼宝贝母婴生活馆","1"
"福客多生鲜超市(西洪塘店)","1"
"依派家具","1"
"腾江家具店","1"
"杏东公园","1"
"长欣隆超市(大溪路)","1"
"绿家园防腐木","1"
"菜鸟水果(工学院店)","1"
"深空模型","1"
"永长隆超市(何厝小区西南)","1"
"爱心购物广场","1"
"金萍超市","1"
"连志伟连彩纯","1"
"丽人妇科医院","1"
"美庆达超市","1"
"紫芸轩茶具茶叶包装批发","1"
"厦门航海导航信息科技有限公司","1"
"柔丝丽","1"
"聚星隆购物","1"
"顶许小学","1"
"厦购生鲜超市","1"
"婷胜超市","1"
"腾达陶瓷","1"
"亿丰百货","1"
"汇鑫来五金批发","1"
"乌涂小商品市场","1"
"自然茗茶烟酒批发部","1"
"岐兴茶业","1"
"盛宇新家具城","1"
"鱼捕快钓鱼用品渔具商行","1"
"新华五金批发","1"
"苏大发超市","1"
"小自然超市","1"
"雅思阁烟酒茶批发中心","1"
"荣兴古玩店","1"
"志聪电器同安新民网点","1"
"厦门鑫言午管件批发","1"
"新天意","1"
"鑫旺欣手机城","1"
"厦门市湖里区五缘幼儿园","1"
"福雅不干胶","1"
"美的(杏北三里店)","1"
"塔埔农贸市场","1"
"冰鲜交易区","1"
"飞特手机城","1"
"厦门大学(翔安校区)-公共卫生学院","1"
"金尊世家全国运营商","1"
"蓝天粮油","1"
"兴新隆自选超市","1"
"平安幼儿园","1"
"乐宾生活超市","1"
"鑫佳阖电器","1"
"诺世奇电器","1"
"摩托大师","1"
"厦门理工学院-教学楼4","1"
"吉明超市","1"
"丽星隆超市","1"
"东宅超市","1"
"福春茶行","1"
"辰景托教","1"
"集美大学诚毅学院-机械工程系勤工创业中心","1"
"云光电脑培训学校","1"
"新恒源超市","1"
"福万家购物中心","1"
"厦门大学(翔安校区)-爱礼楼","1"
"女装店","1"
"灌口老邱三轮车行(马巷分店)","1"
"时客家便利店","1"
"捷欣文具超市","1"
"卓越幼儿园","1"
"厦门市自贸区进口商品直营店","1"
"再添酒业","1"
"弈龙电脑","1"
"恒鑫钢材","1"
"分贝琴行","1"
"北京集美家居-2号馆","1"
"台湾自动车床","1"
"三都土笋冻(旗舰店)","1"
"永盛车行","1"
"茶盘茶","1"
"埃沃西服定制厦门君尚广场店","1"
"塘边幼儿园","1"
"杜桥市场","1"
"众爱顺粮油店","1"
"天福茗茶(机场国内2店)","1"
"信德家具城","1"
"厦门聚锋贸易有限公司锦园仓储部","1"
"美琪双语艺术幼儿园","1"
"小吴副食品店","1"
"家家乐超市","1"
"厦门市同安区埭头小学","1"
"鑫峰粮油","1"
"搜乐商城","1"
"财煌五金","1"
"厦门祥裕鑫批发","1"
"杨子生活馆","1"
"东塔平价超市","1"
"集美区侨英街道市民学校","1"
"厦门海沧实验中学(海达路)","1"
"御九洲陶瓷瓷砖批发部","1"
"宝瑜鹭珠宝","1"
"NICEGOOD","1"
"厦门市第五医院-6号内科大楼","1"
"顾信家居","1"
"厦门市海沧区钟山小学","1"
"旭辉建材","1"
"日丰管管用五十年","1"
"大家粮油批发","1"
"久鑫五金(中航城c区店)","1"
"海堤鸡鸭批发","1"
"海沧区新阳街道社区卫生服务中心","1"
"厦门工学院继续教育学院(诚意大厦)","1"
"顺祥五金水电","1"
"海龙电器","1"
"汇八方生鲜百货","1"
"后溪中心幼儿园","1"
"慧轩佛具厂","1"
"众兄弟便利店","1"
"壶暖茶间","1"
"三朴","1"
"可乐猪便利店","1"
"兴宏木垫板","1"
"诚信蔬菜水果粮油批发","1"
"集美大学财经学院-投资系","1"
"豪龙超市","1"
"怡泰祥","1"
"防水博士","1"
"一方建材","1"
"新城幼儿园","1"
"舒彩生活体验馆","1"
"阳光幼儿园","1"
"成运针车行","1"
"俊宇灯具","1"
"壹宝高级环保石塑地板砖","1"
"美成幼儿园","1"
"星星幼儿园(侨英街道人大代表联络工作室东)","1"
"厦门市集美区杏美小学","1"
"福果园水果超市","1"
"华健商店","1"
"vivo智能手机专卖店","1"
"御景轩便利店","1"
"同安区西柯第二中心小学","1"
"聚鼎中酒庄","1"
"果然果粒水果店","1"
"四季电脑科技","1"
"佳佳乐超市(西塘店)","1"
"阿牛平价水果超市","1"
"豪爵","1"
"新恒源超市(乌涂店)","1"
"收获书店(知无涯)","1"
"尊荣百货批发","1"
"洋洋花卉","1"
"植物医生","1"
"善翊酒业","1"
"剑桥幼儿园","1"
"康贝儿幼儿园","1"
"玉芽音琴行","1"
"见福便利店(新景翡翠苑东南)","1"
"泽宇钢材","1"
"东孚农贸综合批发市场","1"
"惠民生鲜超市(塔头店)","1"
"易捷便利店(泗水道店)","1"
"厦门壹海水族","1"
"晨豪螺丝","1"
"锦园中医院","1"
"兴茂烟酒商行","1"
"阿月卤味(工学院)","1"
"花果山水果铺","1"
"潘涂艺林经营部","1"
"日日红超市","1"
"德怡幼儿园","1"
"北秀食杂店","1"
"福耀玻璃(海沧店)","1"
"鑫鑫隆百货商场","1"
"聚友休闲渔具","1"
"兴隆超市","1"
"大自然·柯拉尼橱柜衣柜","1"
"乐海超市","1"
"百合家福超市","1"
"达亿祥电脑","1"
"同新明月超市","1"
"康桥中学","1"
"渝海兴超市","1"
"亚谦商贸","1"
"少华花卉","1"
"邻座生活购物","1"
"金成超市","1"
"灏翔兽药","1"
"良水茗茶","1"
"育辉幼儿园","1"
"鑫绿宝购物商场","1"
"SWISSWIN","1"
"龙海市角美第二中心小学","1"
"永兴福超市","1"
"汇乐购超市(上头亭路)","1"
"利美佳生活超市","1"
"鑫鹭信隆超市(凤南店)","1"
"互丰超市","1"
"金鹭珠茶业","1"
"润泉轩茗茶","1"
"喜梦宝(喜盈门店)","1"
"福建华夏高级技工学校(海沧校区)","1"
"鑫天隆不锈钢铝合金门窗配件批发","1"
"满天星幼儿园","1"
"盟发五金刀具","1"
"茶海电脑城","1"
"同新超市","1"
"盛鑫恒水暖灯饰","1"
"佳佳午托中心","1"
"草莓园小卖部","1"
"万客隆","1"
"后溪中心小学","1"
"佳乐佳商场","1"
"悠度户外(工厂店)","1"
"同民医院门诊综合大楼","1"
"爱德幼儿园","1"
"益驰门业","1"
"诺德马服饰","1"
"醉客居","1"
"艺鑫霖五金(窑市路口旁)","1"
"倍倍佳超市","1"
"金山民办小学","1"
"紫鑫双喜家私城","1"
"凤山幼儿园","0"
"华侨大学-土木工程学院","0"
"金田批发","0"
"海沧法治文化公园","0"
"华美瑞劳保批发","0"
"锋源不锈刚门窗","0"
"加实多超市(山边分店)","0"
"厦门一中海沧附属学校","0"
"安兜小学","0"
"合品茶业(龙池店)","0"
"文丽水果摊","0"
"三邦法拉鞋业","0"
"安馨托教中心","0"
"浦南路68号便利店","0"
"缘点文具精品日用百货","0"
"沪盛荣螺丝","0"
"启长副食品","0"
"华永鑫茗茶","0"
"莲信通讯(三星手机专卖店)","0"
"同安区阳翟小学","0"
"厦门嘉尼宝全铝定制家居","0"
"运动服装店","0"
"福来乐超市","0"
"嘉蒙幼儿园","0"
"来客生鲜(塘边店)","0"
"以纯(乐海城市广场店)","0"
"翔安文教区学生街","0"
"东兴五金水电批发","0"
"厦门市同安区卿朴幼儿园","0"
"辉姑娘便利店","0"
"钛美铝材","0"
"同意新超市","0"
"福兴瑞超市","0"
"永珠隆超市","0"
"梦心缘床上用品窗帘布艺","0"
"华侨大学-化工学院","0"
"小红花幼儿园","0"
"金瑞蔬菜种子商行","0"
"同安区阳翟小学-弘毅楼","0"
"大乾数码(翔安店)","0"
"佳得隆超市","0"
"阿英窗帘墙纸","0"
"李林幼儿园","0"
"阳翟菜市场","0"
"日日升商行","0"
"海沧鸿南超市","0"
"好悦水果食杂","0"
"展鸿图机床模具五金","0"
"同美幼儿园","0"
"信德容副食品商店","0"
"厦门市同安区新星小学","0"
"莲花中心幼儿园","0"
"祥跃生鲜超市(官浔店)","0"
"福兴隆超市","0"
"同安工业社区大学","0"
"昌财教学楼","0"
"福家百货(下土楼路)","0"
"福建省漳州市龙海市渤海","0"
"露苗幼儿园","0"
"万福来超市(二环南路)","0"
"恋网超市","0"
"厦门市同安区西柯中心小学","0"
"二手工程机械部","0"
"旭超石材","0"
"永盛兴购物商场","0"
"亿丰超市(厦门同安城南医院东)","0"
"连赞茶业","0"
"漳州仙之宝","0"
"光电体验馆","0"
"丽佳源超市","0"
"依泰家具批发","0"
"欧尚超市(仑上店)","0"
"海沧惠民家私","0"
"厦门市同乡情鞋业","0"
"皇派门窗","0"
"金辉祥超市","0"
"狼工共舞","0"
"锦宅小学","0"
"茗记逸芯茶业","0"
"腾发汽车真皮座椅","0"
"尚品珠宝","0"
"优而鲜生活超市","0"
"强省便利店","0"
"锦洲灯饰城","0"
"意丰超市","0"
"亮贵车行","0"
"厦门市同安区湖甘小学","0"
"星豹空压机(同安经销处)","0"
"凤南农贸市场","0"
"老宾家具城","0"
"文发挖机配件","0"
"富源超市","0"
"誉隆包材","0"
"源美五金水暖","0"
"海尔","0"
"喜四方生鲜超市","0"
"聚渔坊渔具","0"
"高阳便利","0"
"福永峰自选商场","0"
"喜达客超市","0"
"森发五金水暖","0"
"潘龙床垫","0"
"厦门(阿扁)瓷砖仓库批发","0"
"永福泰文具百货批发","0"
"厦门金宝莱整体家居有限公司","0"
"小清副食品商店","0"
"智胜五金水电经营部","0"
"佳佳贝母婴用品(阳翟分店)","0"
"创维","0"
"集美区新亭幼儿园","0"
"上海金贝壳家纺","0"
"鸿渐茶场","0"
"振亚塑胶经营部","0"
"群福批发","0"
"小麦幼儿园","0"
"欢快快乐购生鲜超市","0"
"小星星幼儿园","0"
"鹭优香冻品粮油调味品批发","0"
"闽鑫隆购物(凤南分店)","0"
"同安建材园","0"
"铭城达高端不锈钢防盗门","0"
"福欣超市","0"
"华侨大学-颜金炜陈秀吉行政大楼","0"
"华侨大学-机电及自动化学院","0"
"志强佛具家具店","0"
"兴旺嘉超市","0"
"耐克(乐海城市广场店)","0"
"沧一水族","0"
"香港青苹果家纺","0"
"荣海超市","0"
"进强日用百货店","0"
"莲美阳光幼儿园","0"
"朋友食杂","0"
"锦旺达生鲜超市","0"
"渤海家具广场","0"
"晟隆辉冻品批发","0"
"旺家红超市","0"
"华侨大学(厦门校区)","0"
"蔡宅小学","0"
"佰利安劳保批发","0"
"永昌隆超市","0"
"华侨大学-计算机科学与技术学院","0"
"亿丰购物中心(官浔店)","0"
"厦门市粮油批发市场","0"
"铭鑫盛五金工具水电","0"
"川一酒业","0"
"诚信捷烟酒商行","0"
"蔻辰全国连锁(翔安分店)","0"
"碧岳幼儿园","0"
"可可馨超市","0"
"厦门爱之湾幼儿园","0"
"厦门市同安区柑岭小学","0"
"延福堂商贸","0"
"鑫世纪双语幼儿园","0"
"报喜食杂","0"
"兄弟超市","0"
"厦门市同安区凤岗小学","0"
"永丰超市","0"
"兴友腾建材","0"
"长城不锈钢","0"
"自强超市","0"
"启航幼儿园","0"
"森马(乐海城市广场店)","0"
"福永峰超市","0"
"雄华佰货","0"
"天恩惠超市(梧侣店)","0"
"联欣电动工具店","0"
"厦门市同安区卿朴小学","0"
"华侨大学-建筑学院","0"
"柑岭便利店","0"
"翔迈电脑","0"
"祥露农贸市场","0"
"东宅村新风公园","0"
"鑫浩家具城同安店","0"
"煌锦食杂店","0"
"科盟电脑城","0"
"中橡狼牌轮胎福建总代理","0"
"见福便利店(金博水岸店)","0"
"凤岭幼儿园","0"
"旺客源超市","0"
"厦门洪塘小学","0"
"华侨大学-信息科学与工程学院","0"
"五缘湾·三里汇商业中心","0"
"魅族授权专卖店(厦门市同安乐海城市广场店)","0"
"同安上海回力(南门店)","0"
"厦门市海沧育斌学校","0"
"漳龙家具","0"
"东南湾机电五金城","0"
"晨晨孕婴用品","0"
"同安区莲花中心小学","0"
"天骄双语幼儿园","0"
"禹运来超市","0"
"来得福商场","0"
"捷信美家具超市","0"
"科尔泰电器","0"
"国美电器(乐海店)","0"
"鸿盛洗涤日用百货批发","0"
"东孚医院","0"
"山东临工","0"
"鑫义成建材(凤山店)","0"
"迎客隆超市","0"
"兜兜数码(手机专营店)","0"
"原木风家具厂","0"
"山边公园","0"
"喜洋洋双语幼儿园","0"
"莲花市场","0"
"艺格(阳翟店)","0"
"百果园(岳口小区店)","0"
"后溪卫生院","0"
"宝端日杂","0"
"金辉干果食杂批发","0"
"兴协发五金店","0"
"海尔(同安区林业局莲花林业站东南)","0"
"巾帼双语幼儿园","0"
"步凡鞋店","0"
"蝶恋精品时尚女装","0"
"育翔幼儿园","0"
"凯淇粮油店","0"
"和睦粮油","0"
"德川五金水暖","0"
"柑岭秀青幼儿园","0"
"旺美佳百货","0"
"永展兴生鲜超市","0"
"德鲁卫浴","0"
"大马华教楼","0"
"双益佳脚手架租售","0"
"厦门市同安区东宅小学","0"
"增程电动车专卖店","0"
"名创优品(环城西路店)","0"
"居佳宜自选","0"
"红欣幼儿园","0"
"海沧中心小学","0"
"东孚中心幼儿园","0"
"翔娜欣购物广场","0"
"连心超市(赵岗路)","0"
"高山茗茶","0"
"仰信电脑","0"
"义乌百货电器特惠城","0"
"健鸿达超市","0"
"滨新幼儿园","0"
"一天成门窗五金","0"
"兴美玻璃(皇派门窗)","0"
"新福门家居","0"
"鑫鹏达超市","0"
"华侨大学-吕振万教学楼","0"
"瀚哥体育用品","0"
"普雪电器","0"
"鑫孔雀幼儿园","0"
"宏扬电脑城","0"
"宇多家具","0"
"宜之佳购物广场(同安店)","0"
"翔安小金星幼儿园","0"
"岳口小学","0"
"后溪小学","0"
"华侨大学-柯信谋夫人行政大楼","0"
"金砖世家建材批发","0"
"鑫佳源百货","0"
"成宗布艺窗帘家纺","0"
"凤山晓苏批发","0"
"同一家人超市","0"
"未来星幼儿园","0"
"昱记文具超市","0"
"锦标五金店","0"
"世进电器","0"
"天竺幼儿园","0"
"凤山小学","0"
"好当家超市","0"
"东阳食品","0"
"汪艳文具超市","0"
"宏鑫五金水电","0"
"澎澎肩颈","0"
"万客隆(同美店)","0"
"玉明超市","0"
"天恩惠果蔬店","0"
"上品优购生鲜超市","0"
"海沧农贸市场","0"
"同安区西柯中心幼儿园","0"
"吉佳购生鲜超市(凤山店)","0"
"中山茶业","0"
"祥穗日用品农家店","0"
"兴佳洁百货","0"
"高崎佳佳幼儿园","0"
"利民康","0"
"鑫五标螺丝.螺母.牙套","0"
"鑫翔扬便利店","0"
"华侨大学-材料科学与工程学院","0"
"乐博文具店","0"
"咔酷德","0"
"西洪塘小学","0"
